rank,keyword,axis,est_volume,weak_results,win_prob,expected_clicks,bucket,slug,secondary_keywords_folded_in,why_winnable
1,belated birthday wishes,format,3000-10000,5+,0.6,429,winnable,belated-birthday-wishes,,"every result US/UK — recocards, adobe, americangreetings, 1800flowers, eflorist, bloomandwild — plus Pinterest #3 and a Shutterstock image pack"
2,birthday date personality test,personality,3000-10000,5+,0.6,429,winnable,birthday-date-personality-test,what does my birthday say about my personality | birth date personality test,"HIGHEST DEMAND IN THE RUN — 29 autocomplete prefixes. jagranjosh proves a content page can rank. Weak: allgpts.co, sln.me (whose title renders as '(SLN)'), YouTube, destinymatrics, and kabalarians.com is a 1990s-era page"
3,birthday decoration ideas at home,decoration,3000-10000,5+,0.6,429,winnable,birthday-decoration-ideas-at-home,birthday decoration ideas at home for girl | simple birthday decoration ideas at home | birthday decoration ideas at home for husband,"15 autocomplete prefixes. cherishx, balloondekor and 7eventzz are decoration SERVICES quoting prices (₹1399, same-day setup) — commercial pages answering an ideas query. Pinterest ×3 on the 'simple' variant. photojaanic and vaaree prove a blog ranks"
4,birthday status for whatsapp,format,3000-10000,5+,0.6,429,winnable,birthday-status-for-whatsapp,,shutterfly and goodhousekeeping (US) rank for an intrinsically Indian query; Pinterest #2; captionhuzz and blessingwish are thin
5,birthday wishes for nephew,relation,3000-10000,5+,0.6,429,winnable,birthday-wishes-for-nephew,,"100% US/UK — goodhousekeeping, adobe, kudoboard, recocards, pensador, plus happybirthdaywishes.my (Malaysia). Not one Indian page"
6,birthday wishes in tamil,language,3000-10000,5+,0.6,429,winnable,birthday-wishes-in-tamil,,"Pinterest at #1 AND #5, Scribd #3, sharechat #4 — and marathiquote.com ranks for a Tamil query. Google has nothing purpose-built"
7,thank you for birthday wishes,reply,3000-10000,5+,0.6,429,winnable,thank-you-for-birthday-wishes,,"Instagram is #1 and Facebook #3 — raw social posts, not pages. Rest is US/UK (shutterfly, adobe, bloomandwild, my-picture.co.uk). No Indian page ranks at all"
8,what to write on a birthday cake,cake,3000-10000,5+,0.6,429,winnable,what-to-write-on-a-birthday-cake,,"RESCUES the cake axis: unlike `birthday cake with name` this is a BLOG SERP, and #1 is sweetinspirations.co.ke (Kenya) with #2 divacakes.com.ng (Nigeria) — African bakery blogs ranking in India. Plus Reddit, Quora and Pinterest. A writing question, which is exactly what this site is for"
9,birthday wishes in gujarati,language,3000-10000,3-4,0.4,286,winnable,birthday-wishes-in-gujarati,,"beread.org, smitcreation.com, wishgujarati.com, gujaratiwish.com are thin EMDs; Pinterest #3. But gujaratijagran is refreshed to 2026"
10,birthday wishes in telugu,language,3000-10000,3-4,0.4,286,winnable,birthday-wishes-in-telugu,,"a blogspot.com is #1, Pinterest holds #3 and #5; only teluguq.com and telugubucket.com are real pages"
11,birthday wishes in hindi,language,10000+,3-4,0.4,240,medium,birthday-wishes-in-hindi,janamdin ki hardik shubhkamnaye | birthday quotes in hindi | birthday wishes for brother in hindi,VERIFIED SERP (v1 described the wrong one): 6 results — Pinterest ×2 and Facebook are three of them. navbharattimes and floweraura are the real incumbents; happybirthdaywishesinhindi.com is a bare EMD
12,2 line birthday wishes,format,1000-3000,5+,0.6,132,winnable,2-line-birthday-wishes,,apdc.ap.gov.in — an Andhra Pradesh government site — ranks for this. Pinterest #2; grammarly and goodhousekeeping answer a different question
13,birthday captions for myself,format,1000-3000,5+,0.6,132,winnable,birthday-captions-for-myself,,"potico.co.th (Thailand) and chus.vn (Vietnam) rank in an India SERP — the clearest sign Google has nothing local. Instagram #4, Pinterest #2 and #9"
14,birthday songs for whatsapp status,song,1000-3000,5+,0.6,132,winnable,birthday-songs-for-whatsapp-status,,"the one song query where a blog ranks — bakingo.com holds a spot with a Hindi song listicle. Weak: YouTube ×2, Pinterest ×2, Pixabay, chosic, capcut. CONVERSION CAVEAT: searcher wants an MP3, not a page"
15,birthday surprise ideas for wife at home,surprise,1000-3000,5+,0.6,132,winnable,birthday-surprise-ideas-for-wife-at-home,how to give birthday surprise,surprisemachi and cherishx rank Bangalore-only service pages for a national query; tk-balloons is a balloon shop; Pinterest ×2. confettigifts.in is the only real blog. The site has girlfriend and boyfriend versions live but nothing for a wife
16,birthday wishes for daughter in hindi,relation-lang,1000-3000,5+,0.6,132,winnable,birthday-wishes-for-daughter-in-hindi,,"Scribd #3, Pinterest #4, Facebook #6 — three of six results are not real pages"
17,birthday wishes for teacher in hindi,relation-lang,1000-3000,5+,0.6,132,winnable,birthday-wishes-for-teacher-in-hindi,,"Scribd #3, Pinterest #2; six results total, and meribadhai.com / hindiwishez.com are thin"
18,birthday wishes for wife in hindi,relation-lang,1000-3000,5+,0.6,132,winnable,birthday-wishes-for-wife-in-hindi,birthday wishes for boss in hindi,only FOUR results returned; Pinterest #3. craftyartapp and livehindustan are the only real pages
19,birthday wishes for younger sister,relation,1000-3000,5+,0.6,132,winnable,birthday-wishes-for-younger-sister,,"VERIFIED: Pinterest ×2, headsandtailsjewellery.co.uk (a jewellery shop), freddiesflowers, boxupgifting. Nothing addresses *younger* sister specifically"
20,birthday wishes in punjabi,language,1000-3000,5+,0.6,132,winnable,birthday-wishes-in-punjabi,,"Scribd PDF at #5, Pinterest #2, preply.com #8 — a language-tutor page ranking means the intent is unserved"
21,birthday wishes in urdu,language,1000-3000,5+,0.6,132,winnable,birthday-wishes-in-urdu,,"THREE Pinterest results (#1, #5, #9), Quora #7, plus preply.com and talkpal.ai — both language-learning, entirely wrong intent"
22,birthday wishes reply in hindi,reply,1000-3000,5+,0.6,132,winnable,birthday-wishes-reply-in-hindi,,"only four results returned; Facebook #1, Pinterest #3. hindiwishez.com is the single purpose-built page"
23,50th birthday wishes,format,1000-3000,3-4,0.4,88,winnable,50th-birthday-wishes,,"all US/UK (kudoboard, americangreetings, adobe, greenvelope, shutterfly, cuteasiancards), Pinterest #4, only nestasia.in Indian. The live 50th post is an invitation TEMPLATE — different intent"
24,birthday number meaning numerology,personality,1000-3000,3-4,0.4,88,winnable,birthday-number-meaning-numerology,,"worldnumerology, numerology.com and numerologist.com are real authorities, and Times of India ranks — but Pinterest, vastucart.in, reethusarvvah.in and feliciabender are thin. Distinct SERP from the personality-test cluster (1 shared result only)"
25,birthday wishes for mother in law,relation,1000-3000,3-4,0.4,88,winnable,birthday-wishes-for-mother-in-law,,"goodhousekeeping, funkypigeon, americangreetings, parade — all US/UK; only nestasia.in is Indian, Pinterest holds #8"
26,birthday wishes for niece,relation,1000-3000,3-4,0.4,88,winnable,birthday-wishes-for-niece,,"CORRECTED from v1 (I assumed 5+ without checking): simplynoted, goodhousekeeping, recocards and adobe are all real pages. Weak are Pinterest, lattooland, happybirthdaywishes.my and fnp — whose title still says 2025"
27,birthday wishes for sister in law,relation,1000-3000,3-4,0.4,88,winnable,birthday-wishes-for-sister-in-law,,"weddingwire.in is genuinely strong at #1, but Pinterest is #2 and safer.deeper.org.in at #7 is an NGO subdomain"
28,birthday wishes for uncle,relation,1000-3000,3-4,0.4,88,winnable,birthday-wishes-for-uncle,,"CORRECTED from v1 (assumed 5+): kudoboard, recocards, firstcry and wikihow are solid. Weak are Pinterest, grammarly and fnp — generic pages, not uncle-specific"
29,birthday wishes in bengali,language,1000-3000,3-4,0.4,88,winnable,birthday-wishes-in-bengali,,"Pinterest at #2 and #5, heloplus.com thin, kobita.banglakosh.com is a poetry archive"
30,birthday wishes in kannada,language,1000-3000,3-4,0.4,88,winnable,birthday-wishes-in-kannada,,igp.com and prestogifts.com are gifting sites answering a wishes query; Pinterest #4; kannadadeevige.in is a school-notes site
