keyword,cluster_id,source_url,source_domain,evidence_type,intent,page_type_required,est_volume,volume_source,weakness_count,gate_failed,bucket,priority_score,ranking_urls,category,action,own_url,own_position,expected_clicks,trend,peak_window,publish_by,demand_rank,requested_bucket,archetype,cannibal_risk
miss you shayari,c02-shayari,https://www.google.com/search?q=miss+you+shayari&gl=in,"google.com (India SERP, Firecrawl 2026-09-15)",SERP-MEASURED,informational,blog listicle,"3,000-10,000/mo",EST,6,,winnable-now,64,"shayari farms, stale years",shayari,new-page,,none,429,evergreen,year-round,,,B,shayari,
miss you quotes in hindi,c03-hindi,https://www.google.com/search?q=miss+you+quotes+in+hindi&gl=in,"google.com (India SERP, Firecrawl 2026-09-15)",SERP-ARCHETYPE,informational,blog listicle,"3,000-10,000/mo",EST,8,,winnable-now,80,"Pinterest/IG/YT only, major language",hindi,new-page,,none,429,evergreen,year-round,,,B,regional_big,how-to-say-i-miss-you-in-hindi
miss you quotes in marathi,c13-marathi,https://www.google.com/search?q=miss+you+quotes+in+marathi&gl=in,"google.com (India SERP, Firecrawl 2026-09-15)",SERP-MEASURED,informational,blog listicle,"3,000-10,000/mo",EST,8,,winnable-now,80,"Pinterest/IG/YT only, major language",marathi,new-page,,none,429,evergreen,year-round,,,A,regional_big,miss-you-shayari-in-marathi
miss you shayari in hindi,c02-shayari,https://www.google.com/search?q=miss+you+shayari+in+hindi&gl=in,"google.com (India SERP, Firecrawl 2026-09-15)",SERP-MEASURED,informational,blog listicle,"3,000-10,000/mo",EST,6,,winnable-now,64,"shayari farms, stale years",shayari,new-page,,none,429,evergreen,year-round,,,A,shayari,how-to-say-i-miss-you-in-hindi
miss you shayari 2 line,c21-shayari-2line,https://www.google.com/search?q=miss+you+shayari+2+line&gl=in,"google.com (India SERP, Firecrawl 2026-09-15)",SERP-MEASURED,informational,blog listicle,"3,000-10,000/mo",EST,6,,winnable-now,64,"shayari farms, stale years",shayari-2line,new-page,,none,429,evergreen,year-round,,,A,shayari,
miss you status in hindi,c03-hindi,https://www.google.com/search?q=miss+you+status+in+hindi&gl=in,"google.com (India SERP, Firecrawl 2026-09-15)",SERP-ARCHETYPE,informational,blog listicle,"3,000-10,000/mo",EST,8,,winnable-now,80,"Pinterest/IG/YT only, major language",hindi,new-page,,none,429,evergreen,year-round,,,A,regional_big,how-to-say-i-miss-you-in-hindi
miss you quotes for husband,c07-rel-spouse,https://www.google.com/search?q=miss+you+quotes+for+husband&gl=in,"google.com (India SERP, Firecrawl 2026-09-15)",SERP-MEASURED,informational,blog listicle,"3,000-10,000/mo",EST,4,,winnable-now,48,US publishers + Pinterest,rel-spouse,new-page,,none,286,evergreen,year-round,,,A,rel_en,miss-you-message-for-husband
miss you quotes for wife,c07-rel-spouse,https://www.google.com/search?q=miss+you+quotes+for+wife&gl=in,"google.com (India SERP, Firecrawl 2026-09-15)",SERP-MEASURED,informational,blog listicle,"3,000-10,000/mo",EST,4,,winnable-now,48,US publishers + Pinterest,rel-spouse,new-page,,none,286,evergreen,year-round,,,A,rel_en,miss-you-message-for-wife
miss you quotes for girlfriend,c08-rel-partner,https://www.google.com/search?q=miss+you+quotes+for+girlfriend&gl=in,"google.com (India SERP, Firecrawl 2026-09-15)",SERP-ARCHETYPE,informational,blog listicle,"3,000-10,000/mo",EST,4,,winnable-now,48,US publishers + Pinterest,rel-partner,new-page,,none,286,evergreen,year-round,,,A,rel_en,miss-you-surprise-page-for-girlfriend
miss you quotes for boyfriend,c08-rel-partner,https://www.google.com/search?q=miss+you+quotes+for+boyfriend&gl=in,"google.com (India SERP, Firecrawl 2026-09-15)",SERP-ARCHETYPE,informational,blog listicle,"3,000-10,000/mo",EST,4,,winnable-now,48,US publishers + Pinterest,rel-partner,new-page,,none,286,evergreen,year-round,,,A,rel_en,miss-you-message-for-boyfriend
miss you quotes for best friend,c09-rel-friend,https://www.google.com/search?q=miss+you+quotes+for+best+friend&gl=in,"google.com (India SERP, Firecrawl 2026-09-15)",SERP-ARCHETYPE,informational,blog listicle,"3,000-10,000/mo",EST,4,,winnable-now,48,US publishers + Pinterest,rel-friend,new-page,,none,286,evergreen,year-round,,,A,rel_en,miss-you-message-for-best-friend
miss you quotes for sister,c10-rel-sibling,https://www.google.com/search?q=miss+you+quotes+for+sister&gl=in,"google.com (India SERP, Firecrawl 2026-09-15)",SERP-ARCHETYPE,informational,blog listicle,"3,000-10,000/mo",EST,4,,winnable-now,48,US publishers + Pinterest,rel-sibling,new-page,,none,286,evergreen,year-round,,,A,rel_en,miss-you-message-for-sister
miss you quotes for brother,c10-rel-sibling,https://www.google.com/search?q=miss+you+quotes+for+brother&gl=in,"google.com (India SERP, Firecrawl 2026-09-15)",SERP-ARCHETYPE,informational,blog listicle,"3,000-10,000/mo",EST,4,,winnable-now,48,US publishers + Pinterest,rel-sibling,new-page,,none,286,evergreen,year-round,,,A,rel_en,miss-you-message-for-brother
miss you quotes for father,c11-rel-parent,https://www.google.com/search?q=miss+you+quotes+for+father&gl=in,"google.com (India SERP, Firecrawl 2026-09-15)",SERP-ARCHETYPE,informational,blog listicle,"3,000-10,000/mo",EST,4,,winnable-now,48,US publishers + Pinterest,rel-parent,new-page,,none,286,evergreen,year-round,,,A,rel_en,
miss you quotes for mother,c11-rel-parent,https://www.google.com/search?q=miss+you+quotes+for+mother&gl=in,"google.com (India SERP, Firecrawl 2026-09-15)",SERP-ARCHETYPE,informational,blog listicle,"3,000-10,000/mo",EST,4,,winnable-now,48,US publishers + Pinterest,rel-parent,new-page,,none,286,evergreen,year-round,,,A,rel_en,
miss you quotes in english,c12-en-generic,https://www.google.com/search?q=miss+you+quotes+in+english&gl=in,"google.com (India SERP, Firecrawl 2026-09-15)",SERP-ARCHETYPE,informational,blog listicle,"3,000-10,000/mo",EST,4,,winnable-now,48,US publishers + Pinterest,en-generic,new-page,,none,286,evergreen,year-round,,,A,rel_en,
miss you caption,c04-caption,https://www.google.com/search?q=miss+you+caption&gl=in,"google.com (India SERP, Firecrawl 2026-09-15)",SERP-MEASURED,informational,blog listicle,"1,000-3,000/mo",EST,6,,winnable-now,48,Pinterest/IG dominated,caption,new-page,,none,132,evergreen,year-round,,,B,caption,
miss you emoji,c06-emoji,https://www.google.com/search?q=miss+you+emoji&gl=in,"google.com (India SERP, Firecrawl 2026-09-15)",SERP-ARCHETYPE,informational,blog how-to,"1,000-3,000/mo",EST,6,,winnable-now,60,Reddit/Quora/wikiHow,emoji,new-page,,none,132,evergreen,year-round,,3,B,aeo,
miss you quotes in kannada,c14-kannada,https://www.google.com/search?q=miss+you+quotes+in+kannada&gl=in,"google.com (India SERP, Firecrawl 2026-09-15)",SERP-MEASURED,informational,blog listicle,"1,000-3,000/mo",EST,8,,own-it-already,60,Pinterest/IG/YT only,kannada,improve-existing,https://subhsandesh.in/blog/miss-you-quotes-in-kannada,3,132,evergreen,year-round,,,A,regional,
miss you quotes in urdu,c15-urdu,https://www.google.com/search?q=miss+you+quotes+in+urdu&gl=in,"google.com (India SERP, Firecrawl 2026-09-15)",SERP-MEASURED,informational,blog listicle,"1,000-3,000/mo",EST,8,,own-it-already,60,Pinterest/IG/YT only,urdu,improve-existing,https://subhsandesh.in/blog/miss-you-shayari-in-urdu-2-line,9,132,evergreen,year-round,,,A,regional,miss-you-shayari-in-urdu
miss you quotes in gujarati,c16-gujarati,https://www.google.com/search?q=miss+you+quotes+in+gujarati&gl=in,"google.com (India SERP, Firecrawl 2026-09-15)",SERP-ARCHETYPE,informational,blog listicle,"1,000-3,000/mo",EST,8,,winnable-now,60,Pinterest/IG/YT only,gujarati,new-page,,none,132,evergreen,year-round,,,A,regional,miss-you-message-in-gujarati
miss you caption for instagram,c04-caption,https://www.google.com/search?q=miss+you+caption+for+instagram&gl=in,"google.com (India SERP, Firecrawl 2026-09-15)",SERP-MEASURED,informational,blog listicle,"1,000-3,000/mo",EST,6,,winnable-now,48,Pinterest/IG dominated,caption,new-page,,none,132,evergreen,year-round,,5,A,caption,
miss you caption in english,c04-caption,https://www.google.com/search?q=miss+you+caption+in+english&gl=in,"google.com (India SERP, Firecrawl 2026-09-15)",SERP-MEASURED,informational,blog listicle,"1,000-3,000/mo",EST,6,,winnable-now,48,Pinterest/IG dominated,caption,new-page,,none,132,evergreen,year-round,,5,A,caption,
miss you captions for bestie,c17-caption-friend,https://www.google.com/search?q=miss+you+captions+for+bestie&gl=in,"google.com (India SERP, Firecrawl 2026-09-15)",SERP-MEASURED,informational,blog listicle,"1,000-3,000/mo",EST,6,,winnable-now,48,Pinterest/IG dominated,caption-friend,new-page,,none,132,evergreen,year-round,,4,A,caption,
miss you shayari for husband in hindi,c18-shayari-spouse,https://www.google.com/search?q=miss+you+shayari+for+husband+in+hindi&gl=in,"google.com (India SERP, Firecrawl 2026-09-15)",SERP-ARCHETYPE,informational,blog listicle,"1,000-3,000/mo",EST,7,,winnable-now,48,"shayari farms, stale years",shayari-spouse,new-page,,none,132,evergreen,year-round,,2,A,shayari_sm,
miss you shayari for girlfriend in hindi,c19-shayari-partner,https://www.google.com/search?q=miss+you+shayari+for+girlfriend+in+hindi&gl=in,"google.com (India SERP, Firecrawl 2026-09-15)",SERP-ARCHETYPE,informational,blog listicle,"1,000-3,000/mo",EST,7,,winnable-now,48,"shayari farms, stale years",shayari-partner,new-page,,none,132,evergreen,year-round,,2,A,shayari_sm,
miss you shayari for boyfriend in hindi,c19-shayari-partner,https://www.google.com/search?q=miss+you+shayari+for+boyfriend+in+hindi&gl=in,"google.com (India SERP, Firecrawl 2026-09-15)",SERP-ARCHETYPE,informational,blog listicle,"1,000-3,000/mo",EST,7,,winnable-now,48,"shayari farms, stale years",shayari-partner,new-page,,none,132,evergreen,year-round,,2,A,shayari_sm,
miss you shayari in english,c20-shayari-en,https://www.google.com/search?q=miss+you+shayari+in+english&gl=in,"google.com (India SERP, Firecrawl 2026-09-15)",SERP-ARCHETYPE,informational,blog listicle,"1,000-3,000/mo",EST,7,,winnable-now,48,"shayari farms, stale years",shayari-en,new-page,,none,132,evergreen,year-round,,,A,shayari_sm,
miss you papa shayari in hindi,c22-shayari-papa,https://www.google.com/search?q=miss+you+papa+shayari+in+hindi&gl=in,"google.com (India SERP, Firecrawl 2026-09-15)",SERP-ARCHETYPE,informational,blog listicle,"1,000-3,000/mo",EST,7,,winnable-now,48,"shayari farms, stale years",shayari-papa,new-page,,none,132,evergreen,year-round,,3,A,shayari_sm,
what can i text instead of i miss you,c29-aeo-text,https://www.google.com/search?q=what+can+i+text+instead+of+i+miss+you&gl=in,"google.com (India SERP, Firecrawl 2026-09-15)",SERP-MEASURED,informational,blog how-to,"1,000-3,000/mo",EST,6,,winnable-now,60,Reddit/Quora/wikiHow,aeo-text,new-page,,none,132,evergreen,year-round,,6,A,aeo,
miss you yaar shayari in hindi,c44-shayari-yaar,https://www.google.com/search?q=miss+you+yaar+shayari+in+hindi&gl=in,"google.com (India SERP, Firecrawl 2026-09-15)",SERP-ARCHETYPE,informational,blog listicle,"1,000-3,000/mo",EST,7,,winnable-now,48,"shayari farms, stale years",shayari-yaar,new-page,,none,132,evergreen,year-round,,2,C,shayari_sm,
miss you shayari dosti ke liye,c44-shayari-yaar,https://www.google.com/search?q=miss+you+shayari+dosti+ke+liye&gl=in,"google.com (India SERP, Firecrawl 2026-09-15)",SERP-ARCHETYPE,informational,blog listicle,"1,000-3,000/mo",EST,7,,winnable-now,48,"shayari farms, stale years",shayari-yaar,new-page,,none,132,evergreen,year-round,,2,C,shayari_sm,
miss you appa quotes in kannada,c14-kannada,https://www.google.com/search?q=miss+you+appa+quotes+in+kannada&gl=in,"google.com (India SERP, Firecrawl 2026-09-15)",SERP-MEASURED,informational,blog listicle,"1,000-3,000/mo",EST,8,,own-it-already,60,Pinterest/IG/YT only,kannada,improve-existing,https://subhsandesh.in/blog/miss-you-quotes-in-kannada,3,132,evergreen,year-round,,,C,regional,
miss you quotes for husband in marathi,c13-marathi,https://www.google.com/search?q=miss+you+quotes+for+husband+in+marathi&gl=in,"google.com (India SERP, Firecrawl 2026-09-15)",SERP-MEASURED,informational,blog listicle,"1,000-3,000/mo",EST,8,,winnable-now,60,Pinterest/IG/YT only,marathi,new-page,,none,132,evergreen,year-round,,3,C,regional,
miss you shayari hindi 2 line best friend,c21-shayari-2line,https://www.google.com/search?q=miss+you+shayari+hindi+2+line+best+friend&gl=in,"google.com (India SERP, Firecrawl 2026-09-15)",SERP-MEASURED,informational,blog listicle,"1,000-3,000/mo",EST,7,,winnable-now,48,"shayari farms, stale years",shayari-2line,new-page,,none,132,evergreen,year-round,,2,D,shayari_sm,
miss you quotes for dead person,c24-grief,https://www.google.com/search?q=miss+you+quotes+for+dead+person&gl=in,"google.com (India SERP, Firecrawl 2026-09-15)",SERP-MEASURED,informational,blog listicle,"1,000-3,000/mo",EST,3,,winnable-now,36,memorial industry sites,grief,new-page,,none,88,evergreen,year-round,,8,A,grief,
miss you quotes for someone who died,c24-grief,https://www.google.com/search?q=miss+you+quotes+for+someone+who+died&gl=in,"google.com (India SERP, Firecrawl 2026-09-15)",SERP-MEASURED,informational,blog listicle,"1,000-3,000/mo",EST,3,,winnable-now,36,memorial industry sites,grief,new-page,,none,88,evergreen,year-round,,2,A,grief,
miss you message for death person,c24-grief,https://www.google.com/search?q=miss+you+message+for+death+person&gl=in,"google.com (India SERP, Firecrawl 2026-09-15)",SERP-MEASURED,informational,blog listicle,"1,000-3,000/mo",EST,3,,winnable-now,36,memorial industry sites,grief,new-page,,none,88,evergreen,year-round,,6,A,grief,
miss you caption for love in english,c04-caption,https://www.google.com/search?q=miss+you+caption+for+love+in+english&gl=in,"google.com (India SERP, Firecrawl 2026-09-15)",SERP-MEASURED,informational,blog listicle,"300-1,000/mo",EST,7,,winnable-now,32,Pinterest/IG dominated,caption,new-page,,none,43,evergreen,year-round,,4,A,caption_sm,
miss you caption for instagram story,c04-caption,https://www.google.com/search?q=miss+you+caption+for+instagram+story&gl=in,"google.com (India SERP, Firecrawl 2026-09-15)",SERP-MEASURED,informational,blog listicle,"300-1,000/mo",EST,7,,winnable-now,32,Pinterest/IG dominated,caption,new-page,,none,43,evergreen,year-round,,4,A,caption_sm,
miss you sms for girlfriend,c23-sms,https://www.google.com/search?q=miss+you+sms+for+girlfriend&gl=in,"google.com (India SERP, Firecrawl 2026-09-15)",SERP-ARCHETYPE,informational,blog listicle,"300-1,000/mo",EST,6,,winnable-now,32,sms farms,sms,new-page,,none,43,evergreen,year-round,,,A,sms,miss-you-surprise-page-for-girlfriend
miss you sms for her,c23-sms,https://www.google.com/search?q=miss+you+sms+for+her&gl=in,"google.com (India SERP, Firecrawl 2026-09-15)",SERP-ARCHETYPE,informational,blog listicle,"300-1,000/mo",EST,6,,winnable-now,32,sms farms,sms,new-page,,none,43,evergreen,year-round,,,A,sms,deep-miss-you-message-for-her
miss you sms in english,c23-sms,https://www.google.com/search?q=miss+you+sms+in+english&gl=in,"google.com (India SERP, Firecrawl 2026-09-15)",SERP-ARCHETYPE,informational,blog listicle,"300-1,000/mo",EST,6,,winnable-now,32,sms farms,sms,new-page,,none,43,evergreen,year-round,,4,A,sms,
miss you quotes for teacher,c25-rel-teacher,https://www.google.com/search?q=miss+you+quotes+for+teacher&gl=in,"google.com (India SERP, Firecrawl 2026-09-15)",SERP-ARCHETYPE,informational,blog listicle,"300-1,000/mo",EST,5,,winnable-now,32,"thin, niche",rel-teacher,new-page,,none,43,evergreen,year-round,,,A,niche_rel,
miss you quotes for colleagues,c26-rel-work,https://www.google.com/search?q=miss+you+quotes+for+colleagues&gl=in,"google.com (India SERP, Firecrawl 2026-09-15)",SERP-MEASURED,informational,blog listicle,"300-1,000/mo",EST,5,,winnable-now,32,"thin, niche",rel-work,new-page,,none,43,evergreen,year-round,,,A,niche_rel,
miss you quotes for cousin,c28-rel-cousin,https://www.google.com/search?q=miss+you+quotes+for+cousin&gl=in,"google.com (India SERP, Firecrawl 2026-09-15)",SERP-ARCHETYPE,informational,blog listicle,"300-1,000/mo",EST,5,,winnable-now,32,"thin, niche",rel-cousin,new-page,,none,43,evergreen,year-round,,,A,niche_rel,
miss you quotes for office colleagues,c26-rel-work,https://www.google.com/search?q=miss+you+quotes+for+office+colleagues&gl=in,"google.com (India SERP, Firecrawl 2026-09-15)",SERP-MEASURED,informational,blog listicle,"300-1,000/mo",EST,5,,winnable-now,32,"thin, niche",rel-work,new-page,,none,43,evergreen,year-round,,3,C,niche_rel,
miss you quotes for roommate,c36-rel-roommate,https://www.google.com/search?q=miss+you+quotes+for+roommate&gl=in,"google.com (India SERP, Firecrawl 2026-09-15)",SERP-MEASURED,informational,blog listicle,"300-1,000/mo",EST,5,,winnable-now,32,"thin, niche",rel-roommate,new-page,,none,43,evergreen,year-round,,,C,niche_rel,
miss you quotes for ex girlfriend,c38-rel-ex,https://www.google.com/search?q=miss+you+quotes+for+ex+girlfriend&gl=in,"google.com (India SERP, Firecrawl 2026-09-15)",SERP-ARCHETYPE,informational,blog listicle,"300-1,000/mo",EST,5,,winnable-now,32,Pinterest + niche blogs,rel-ex,new-page,,none,43,evergreen,year-round,,2,C,rel_en_sm,
miss you quotes for ex boyfriend,c38-rel-ex,https://www.google.com/search?q=miss+you+quotes+for+ex+boyfriend&gl=in,"google.com (India SERP, Firecrawl 2026-09-15)",SERP-ARCHETYPE,informational,blog listicle,"300-1,000/mo",EST,5,,winnable-now,32,Pinterest + niche blogs,rel-ex,new-page,,none,43,evergreen,year-round,,2,C,rel_en_sm,
miss you quotes for special person,c39-rel-special,https://www.google.com/search?q=miss+you+quotes+for+special+person&gl=in,"google.com (India SERP, Firecrawl 2026-09-15)",SERP-ARCHETYPE,informational,blog listicle,"300-1,000/mo",EST,5,,winnable-now,32,Pinterest + niche blogs,rel-special,new-page,,none,43,evergreen,year-round,,2,C,rel_en_sm,
miss you bestie caption,c17-caption-friend,https://www.google.com/search?q=miss+you+bestie+caption&gl=in,"google.com (India SERP, Firecrawl 2026-09-15)",SERP-MEASURED,informational,blog listicle,"300-1,000/mo",EST,7,,winnable-now,32,Pinterest/IG dominated,caption-friend,new-page,,none,43,evergreen,year-round,,3,C,caption_sm,
miss you papa caption,c40-caption-papa,https://www.google.com/search?q=miss+you+papa+caption&gl=in,"google.com (India SERP, Firecrawl 2026-09-15)",SERP-ARCHETYPE,informational,blog listicle,"300-1,000/mo",EST,7,,winnable-now,32,Pinterest/IG dominated,caption-papa,new-page,,none,43,evergreen,year-round,,2,C,caption_sm,
miss you bhai caption,c41-caption-bhai,https://www.google.com/search?q=miss+you+bhai+caption&gl=in,"google.com (India SERP, Firecrawl 2026-09-15)",SERP-ARCHETYPE,informational,blog listicle,"300-1,000/mo",EST,7,,winnable-now,32,Pinterest/IG dominated,caption-bhai,new-page,,none,43,evergreen,year-round,,2,C,caption_sm,
miss you caption for cousin,c28-rel-cousin,https://www.google.com/search?q=miss+you+caption+for+cousin&gl=in,"google.com (India SERP, Firecrawl 2026-09-15)",SERP-ARCHETYPE,informational,blog listicle,"300-1,000/mo",EST,7,,winnable-now,32,Pinterest/IG dominated,rel-cousin,new-page,,none,43,evergreen,year-round,,3,C,caption_sm,
miss you caption for husband in english,c07-rel-spouse,https://www.google.com/search?q=miss+you+caption+for+husband+in+english&gl=in,"google.com (India SERP, Firecrawl 2026-09-15)",SERP-MEASURED,informational,blog listicle,"300-1,000/mo",EST,7,,winnable-now,32,Pinterest/IG dominated,rel-spouse,new-page,,none,43,evergreen,year-round,,3,C,caption_sm,
miss you aai caption in marathi,c45-aai-marathi,https://www.google.com/search?q=miss+you+aai+caption+in+marathi&gl=in,"google.com (India SERP, Firecrawl 2026-09-15)",SERP-ARCHETYPE,informational,blog listicle,"300-1,000/mo",EST,7,,winnable-now,32,Pinterest/IG dominated,aai-marathi,new-page,,none,43,evergreen,year-round,,1,C,caption_sm,
miss you appa quotes in english,c46-appa-en,https://www.google.com/search?q=miss+you+appa+quotes+in+english&gl=in,"google.com (India SERP, Firecrawl 2026-09-15)",SERP-ARCHETYPE,informational,blog listicle,"300-1,000/mo",EST,5,,winnable-now,32,"thin, niche",appa-en,new-page,,none,43,evergreen,year-round,,7,C,niche_rel,
miss you maa sms in hindi,c47-maa-sms,https://www.google.com/search?q=miss+you+maa+sms+in+hindi&gl=in,"google.com (India SERP, Firecrawl 2026-09-15)",SERP-ARCHETYPE,informational,blog listicle,"300-1,000/mo",EST,6,,winnable-now,32,sms farms,maa-sms,new-page,,none,43,evergreen,year-round,,4,C,sms,
miss you quotes for father in law,c27-rel-inlaw,https://www.google.com/search?q=miss+you+quotes+for+father+in+law&gl=in,"google.com (India SERP, Firecrawl 2026-09-15)",SERP-ARCHETYPE,informational,blog listicle,<300/mo,EST,6,,winnable-now,16,very thin,rel-inlaw,new-page,,none,10,evergreen,year-round,,3,A,niche_rel_xs,
miss you quotes for mother in law,c27-rel-inlaw,https://www.google.com/search?q=miss+you+quotes+for+mother+in+law&gl=in,"google.com (India SERP, Firecrawl 2026-09-15)",SERP-ARCHETYPE,informational,blog listicle,<300/mo,EST,6,,winnable-now,16,very thin,rel-inlaw,new-page,,none,10,evergreen,year-round,,3,A,niche_rel_xs,
miss you quotes for juniors,c37-rel-junior,https://www.google.com/search?q=miss+you+quotes+for+juniors&gl=in,"google.com (India SERP, Firecrawl 2026-09-15)",SERP-ARCHETYPE,informational,blog listicle,<300/mo,EST,6,,winnable-now,16,very thin,rel-junior,new-page,,none,10,evergreen,year-round,,,C,niche_rel_xs,
miss you nanaji status in hindi,c42-nanaji,https://www.google.com/search?q=miss+you+nanaji+status+in+hindi&gl=in,"google.com (India SERP, Firecrawl 2026-09-15)",SERP-ARCHETYPE,informational,blog listicle,<300/mo,EST,6,,winnable-now,16,very thin,nanaji,new-page,,none,10,evergreen,year-round,,3,C,niche_rel_xs,
miss you chacha shayari in hindi,c43-chacha,https://www.google.com/search?q=miss+you+chacha+shayari+in+hindi&gl=in,"google.com (India SERP, Firecrawl 2026-09-15)",SERP-ARCHETYPE,informational,blog listicle,<300/mo,EST,6,,winnable-now,16,very thin,chacha,new-page,,none,10,evergreen,year-round,,1,C,niche_rel_xs,
miss you quotes for love long distance relationship,c48-lt-ldr,https://www.google.com/search?q=miss+you+quotes+for+love+long+distance+relationship&gl=in,"google.com (India SERP, Firecrawl 2026-09-15)",SERP-ARCHETYPE,informational,blog listicle,<300/mo,EST,6,,winnable-now,16,"long-tail, thin SERP",lt-ldr,new-page,,none,10,evergreen,year-round,,2,D,lt,
i miss you quotes for husband long distance short,c48-lt-ldr,https://www.google.com/search?q=i+miss+you+quotes+for+husband+long+distance+short&gl=in,"google.com (India SERP, Firecrawl 2026-09-15)",SERP-ARCHETYPE,informational,blog listicle,<300/mo,EST,6,,winnable-now,16,"long-tail, thin SERP",lt-ldr,new-page,,none,10,evergreen,year-round,,1,D,lt,
long distance relationship shayari 2 line in hindi,c21-shayari-2line,https://www.google.com/search?q=long+distance+relationship+shayari+2+line+in+hindi&gl=in,"google.com (India SERP, Firecrawl 2026-09-15)",SERP-MEASURED,informational,blog listicle,<300/mo,EST,6,,winnable-now,16,"long-tail, thin SERP",shayari-2line,new-page,,none,10,evergreen,year-round,,1,D,lt,
long distance relationship insta story caption,c49-lt-ldr-caption,https://www.google.com/search?q=long+distance+relationship+insta+story+caption&gl=in,"google.com (India SERP, Firecrawl 2026-09-15)",SERP-ARCHETYPE,informational,blog listicle,<300/mo,EST,6,,winnable-now,16,"long-tail, thin SERP",lt-ldr-caption,new-page,,none,10,evergreen,year-round,,2,D,lt,
miss you shayari hindi 2 line with emoji whatsapp,c21-shayari-2line,https://www.google.com/search?q=miss+you+shayari+hindi+2+line+with+emoji+whatsapp&gl=in,"google.com (India SERP, Firecrawl 2026-09-15)",SERP-MEASURED,informational,blog listicle,<300/mo,EST,6,,winnable-now,16,"long-tail, thin SERP",shayari-2line,new-page,,none,10,evergreen,year-round,,2,D,lt,
miss you quotes in english for girlfriend,c08-rel-partner,https://www.google.com/search?q=miss+you+quotes+in+english+for+girlfriend&gl=in,"google.com (India SERP, Firecrawl 2026-09-15)",SERP-ARCHETYPE,informational,blog listicle,<300/mo,EST,6,,winnable-now,16,"long-tail, thin SERP",rel-partner,new-page,,none,10,evergreen,year-round,,3,D,lt,
miss you quotes for husband in english,c07-rel-spouse,https://www.google.com/search?q=miss+you+quotes+for+husband+in+english&gl=in,"google.com (India SERP, Firecrawl 2026-09-15)",SERP-MEASURED,informational,blog listicle,<300/mo,EST,6,,winnable-now,16,"long-tail, thin SERP",rel-spouse,new-page,,none,10,evergreen,year-round,,4,D,lt,
miss you quotes for friends in english,c09-rel-friend,https://www.google.com/search?q=miss+you+quotes+for+friends+in+english&gl=in,"google.com (India SERP, Firecrawl 2026-09-15)",SERP-ARCHETYPE,informational,blog listicle,<300/mo,EST,6,,winnable-now,16,"long-tail, thin SERP",rel-friend,new-page,,none,10,evergreen,year-round,,4,D,lt,
i will miss you quotes for her,c50-lt-iwill,https://www.google.com/search?q=i+will+miss+you+quotes+for+her&gl=in,"google.com (India SERP, Firecrawl 2026-09-15)",SERP-ARCHETYPE,informational,blog listicle,<300/mo,EST,6,,winnable-now,16,"long-tail, thin SERP",lt-iwill,new-page,,none,10,evergreen,year-round,,3,D,lt,
i will miss you quotes for friends,c50-lt-iwill,https://www.google.com/search?q=i+will+miss+you+quotes+for+friends&gl=in,"google.com (India SERP, Firecrawl 2026-09-15)",SERP-ARCHETYPE,informational,blog listicle,<300/mo,EST,6,,winnable-now,16,"long-tail, thin SERP",lt-iwill,new-page,,none,10,evergreen,year-round,,3,D,lt,
i will miss you quotes for sister,c50-lt-iwill,https://www.google.com/search?q=i+will+miss+you+quotes+for+sister&gl=in,"google.com (India SERP, Firecrawl 2026-09-15)",SERP-ARCHETYPE,informational,blog listicle,<300/mo,EST,6,,winnable-now,16,"long-tail, thin SERP",lt-iwill,new-page,,none,10,evergreen,year-round,,2,D,lt,
why i miss you quotes for her,c51-lt-why,https://www.google.com/search?q=why+i+miss+you+quotes+for+her&gl=in,"google.com (India SERP, Firecrawl 2026-09-15)",SERP-ARCHETYPE,informational,blog listicle,<300/mo,EST,6,,winnable-now,16,"long-tail, thin SERP",lt-why,new-page,,none,10,evergreen,year-round,,6,D,lt,
when i miss you quotes for her,c51-lt-why,https://www.google.com/search?q=when+i+miss+you+quotes+for+her&gl=in,"google.com (India SERP, Firecrawl 2026-09-15)",SERP-ARCHETYPE,informational,blog listicle,<300/mo,EST,6,,winnable-now,16,"long-tail, thin SERP",lt-why,new-page,,none,10,evergreen,year-round,,4,D,lt,
how much can you miss someone quotes,c52-lt-howmuch,https://www.google.com/search?q=how+much+can+you+miss+someone+quotes&gl=in,"google.com (India SERP, Firecrawl 2026-09-15)",SERP-ARCHETYPE,informational,blog how-to,<300/mo,EST,6,,winnable-now,20,long-tail question,lt-howmuch,new-page,,none,10,evergreen,year-round,,5,D,lt_q,
very short miss you quotes for him,c53-lt-short,https://www.google.com/search?q=very+short+miss+you+quotes+for+him&gl=in,"google.com (India SERP, Firecrawl 2026-09-15)",SERP-ARCHETYPE,informational,blog listicle,<300/mo,EST,6,,winnable-now,16,"long-tail, thin SERP",lt-short,new-page,,none,10,evergreen,year-round,,1,D,lt,
miss you quotes for whatsapp status,c54-lt-wa-status,https://www.google.com/search?q=miss+you+quotes+for+whatsapp+status&gl=in,"google.com (India SERP, Firecrawl 2026-09-15)",SERP-ARCHETYPE,informational,blog listicle,<300/mo,EST,6,,winnable-now,16,"long-tail, thin SERP",lt-wa-status,new-page,,none,10,evergreen,year-round,,1,D,lt,
miss you caption for instagram story for boyfriend,c49-lt-ldr-caption,https://www.google.com/search?q=miss+you+caption+for+instagram+story+for+boyfriend&gl=in,"google.com (India SERP, Firecrawl 2026-09-15)",SERP-ARCHETYPE,informational,blog listicle,<300/mo,EST,6,,winnable-now,16,"long-tail, thin SERP",lt-ldr-caption,new-page,,none,10,evergreen,year-round,,,D,lt,
should i send an i miss you text,c55-lt-should,https://www.google.com/search?q=should+i+send+an+i+miss+you+text&gl=in,"google.com (India SERP, Firecrawl 2026-09-15)",SERP-ARCHETYPE,informational,blog how-to,<300/mo,EST,6,,winnable-now,20,long-tail question,lt-should,new-page,,none,10,evergreen,year-round,,2,D,lt_q,
missing you reply in english,c56-lt-reply,https://www.google.com/search?q=missing+you+reply+in+english&gl=in,"google.com (India SERP, Firecrawl 2026-09-15)",SERP-ARCHETYPE,informational,blog how-to,<300/mo,EST,6,,winnable-now,20,long-tail question,lt-reply,new-page,,none,10,evergreen,year-round,,1,D,lt_q,
miss you quotes,c01-en-head,https://www.google.com/search?q=miss+you+quotes&gl=in,"google.com (India SERP, Firecrawl 2026-09-15)",SERP-MEASURED,informational,blog listicle,"10,000+/mo",EST,2,gate4-hard,do-not-attempt,0,US publisher wall,en-head,new-page,,none,0,evergreen,year-round,,,B,head_en,
i miss you quotes,c01-en-head,https://www.google.com/search?q=i+miss+you+quotes&gl=in,"google.com (India SERP, Firecrawl 2026-09-15)",SERP-MEASURED,informational,blog listicle,"10,000+/mo",EST,2,gate4-hard,do-not-attempt,0,US publisher wall,en-head,new-page,,none,0,evergreen,year-round,,,B,head_en,
missing you quotes,c01-en-head,https://www.google.com/search?q=missing+you+quotes&gl=in,"google.com (India SERP, Firecrawl 2026-09-15)",SERP-MEASURED,informational,blog listicle,"10,000+/mo",EST,2,gate4-hard,do-not-attempt,0,US publisher wall,en-head,new-page,,none,0,evergreen,year-round,,3,B,head_en,
miss you status,c01-en-head,https://www.google.com/search?q=miss+you+status&gl=in,"google.com (India SERP, Firecrawl 2026-09-15)",SERP-MEASURED,informational,blog listicle,"3,000-10,000/mo",EST,3,gate3-dup-c01,do-not-attempt,0,same SERP as miss you quotes,en-head,new-page,,none,0,evergreen,year-round,,,B,status_dup,
miss you images,c05-image,https://www.google.com/search?q=miss+you+images&gl=in,"google.com (India SERP, Firecrawl 2026-09-15)",SERP-MEASURED,visual,image pack,"3,000-10,000/mo",EST,9,gate2-image,do-not-attempt,0,stock photo + Pinterest,image,new-page,,none,0,evergreen,year-round,,1,B,image,
miss you dp,c05-image,https://www.google.com/search?q=miss+you+dp&gl=in,"google.com (India SERP, Firecrawl 2026-09-15)",SERP-MEASURED,visual,image pack,"3,000-10,000/mo",EST,9,gate2-image,do-not-attempt,0,stock photo + Pinterest,image,new-page,,none,0,evergreen,year-round,,,B,image,
miss you quotes for love,c01-en-head,https://www.google.com/search?q=miss+you+quotes+for+love&gl=in,"google.com (India SERP, Firecrawl 2026-09-15)",SERP-MEASURED,informational,blog listicle,"10,000+/mo",EST,2,gate4-hard,do-not-attempt,0,US publisher wall,en-head,new-page,,none,0,evergreen,year-round,,,A,head_en,miss-you-messages-for-love
miss you images hd,c05-image,https://www.google.com/search?q=miss+you+images+hd&gl=in,"google.com (India SERP, Firecrawl 2026-09-15)",SERP-MEASURED,visual,image pack,"3,000-10,000/mo",EST,9,gate2-image,do-not-attempt,0,stock photo + Pinterest,image,new-page,,none,0,evergreen,year-round,,4,A,image,
miss you images love,c05-image,https://www.google.com/search?q=miss+you+images+love&gl=in,"google.com (India SERP, Firecrawl 2026-09-15)",SERP-MEASURED,visual,image pack,"3,000-10,000/mo",EST,9,gate2-image,do-not-attempt,0,stock photo + Pinterest,image,new-page,,none,0,evergreen,year-round,,,A,image,miss-you-messages-for-love
miss you images for whatsapp,c05-image,https://www.google.com/search?q=miss+you+images+for+whatsapp&gl=in,"google.com (India SERP, Firecrawl 2026-09-15)",SERP-MEASURED,visual,image pack,"3,000-10,000/mo",EST,9,gate2-image,do-not-attempt,0,stock photo + Pinterest,image,new-page,,none,0,evergreen,year-round,,,A,image,i-miss-you-link-to-send-on-whatsapp
romantic miss you images with quotes,c05-image,https://www.google.com/search?q=romantic+miss+you+images+with+quotes&gl=in,"google.com (India SERP, Firecrawl 2026-09-15)",SERP-MEASURED,visual,image pack,"3,000-10,000/mo",EST,9,gate2-image,do-not-attempt,0,stock photo + Pinterest,image,new-page,,none,0,evergreen,year-round,,3,A,image,
miss you dp for whatsapp,c05-image,https://www.google.com/search?q=miss+you+dp+for+whatsapp&gl=in,"google.com (India SERP, Firecrawl 2026-09-15)",SERP-MEASURED,visual,image pack,"3,000-10,000/mo",EST,9,gate2-image,do-not-attempt,0,stock photo + Pinterest,image,new-page,,none,0,evergreen,year-round,,,A,image,i-miss-you-link-to-send-on-whatsapp
miss you dp for instagram highlights,c05-image,https://www.google.com/search?q=miss+you+dp+for+instagram+highlights&gl=in,"google.com (India SERP, Firecrawl 2026-09-15)",SERP-MEASURED,visual,image pack,"3,000-10,000/mo",EST,9,gate2-image,do-not-attempt,0,stock photo + Pinterest,image,new-page,,none,0,evergreen,year-round,,5,A,image,
miss you dp girl,c05-image,https://www.google.com/search?q=miss+you+dp+girl&gl=in,"google.com (India SERP, Firecrawl 2026-09-15)",SERP-MEASURED,visual,image pack,"3,000-10,000/mo",EST,9,gate2-image,do-not-attempt,0,stock photo + Pinterest,image,new-page,,none,0,evergreen,year-round,,3,A,image,
miss you dp boy,c05-image,https://www.google.com/search?q=miss+you+dp+boy&gl=in,"google.com (India SERP, Firecrawl 2026-09-15)",SERP-MEASURED,visual,image pack,"3,000-10,000/mo",EST,9,gate2-image,do-not-attempt,0,stock photo + Pinterest,image,new-page,,none,0,evergreen,year-round,,3,A,image,
miss you status for whatsapp,c01-en-head,https://www.google.com/search?q=miss+you+status+for+whatsapp&gl=in,"google.com (India SERP, Firecrawl 2026-09-15)",SERP-MEASURED,informational,blog listicle,"3,000-10,000/mo",EST,3,gate3-dup-c01,do-not-attempt,0,same SERP as miss you quotes,en-head,new-page,,none,0,evergreen,year-round,,,A,status_dup,i-miss-you-link-to-send-on-whatsapp
what to text someone you miss,c29-aeo-text,https://www.google.com/search?q=what+to+text+someone+you+miss&gl=in,"google.com (India SERP, Firecrawl 2026-09-15)",SERP-MEASURED,informational,blog how-to,"1,000-3,000/mo",EST,6,gate3-dup-live,do-not-attempt,0,Reddit/Quora/wikiHow,aeo-text,merge-into-existing,https://subhsandesh.in/blog/what-to-say-when-you-miss-someone,none,0,evergreen,year-round,,,A,aeo,what-to-say-when-you-miss-someone
