slug,title,url
celebrate-raksha-bandhan-online-long-distance,"How to Celebrate Raksha Bandhan Online, Long Distance",https://subhsandesh.in/blog/celebrate-raksha-bandhan-online-long-distance
create-a-miss-you-message-with-name,Create a Miss You Message with Name: 25 Ready Lines & How to Send,https://subhsandesh.in/blog/create-a-miss-you-message-with-name
cute-miss-you-messages,"Cute Miss You Messages: 120+ Lines, Tips & How to Send Them",https://subhsandesh.in/blog/cute-miss-you-messages
cute-paragraph-builder-tool-for-long-distance-lovers,Cute Paragraph Builder Tool for Long-Distance Lovers,https://subhsandesh.in/blog/cute-paragraph-builder-tool-for-long-distance-lovers
cute-visual-countdown-clock-widget-embed-long-distance,Cute visual countdown clock widget for long distance dating,https://subhsandesh.in/blog/cute-visual-countdown-clock-widget-embed-long-distance
cute-ways-to-say-i-miss-you-over-text,Cute ways to say I miss you over text,https://subhsandesh.in/blog/cute-ways-to-say-i-miss-you-over-text
deep-miss-you-message-for-her,50 Deep 'Miss You' Messages for Her (and How to Send Them So She Truly Feels Loved),https://subhsandesh.in/blog/deep-miss-you-message-for-her
digital-countdown-clock-long-distance-anniversary,Digital Countdown Clock for Long Distance Anniversary Surprise,https://subhsandesh.in/blog/digital-countdown-clock-long-distance-anniversary
digital-flowers-for-long-distance,Digital Flowers for Long Distance: Send Blooming Love Instantly,https://subhsandesh.in/blog/digital-flowers-for-long-distance
digital-love-letter-ideas-long-distance-couples,10 Creative Digital Love Letter Ideas for Long-Distance Couples,https://subhsandesh.in/blog/digital-love-letter-ideas-long-distance-couples
emotional-miss-you-message,Emotional Miss You Message: Words That Close the Distance,https://subhsandesh.in/blog/emotional-miss-you-message
girlfriend-day-gift-for-long-distance,Girlfriend Day Gift for Long Distance: thoughtful ideas & a step-by-step digital surprise,https://subhsandesh.in/blog/girlfriend-day-gift-for-long-distance
happy-girlfriend-day-message-for-long-distance,Happy Girlfriend Day Message for Long Distance — 40 Ideas,https://subhsandesh.in/blog/happy-girlfriend-day-message-for-long-distance
heart-touching-miss-you-messages,Heart Touching Miss You Messages: 120+ Lines & How to Send One That Truly Lands,https://subhsandesh.in/blog/heart-touching-miss-you-messages
how-to-make-a-long-distance-relationship-digital-countdown,How to Make a Long Distance Relationship Digital Countdown,https://subhsandesh.in/blog/how-to-make-a-long-distance-relationship-digital-countdown
how-to-make-an-i-miss-you-website,How to Make an 'I Miss You' Website — Step-by-Step Guide,https://subhsandesh.in/blog/how-to-make-an-i-miss-you-website
how-to-make-someone-miss-you,"How to Make Someone Miss You: 8 Honest, Human Ways That Work",https://subhsandesh.in/blog/how-to-make-someone-miss-you
how-to-say-i-miss-you-in-hindi,"How to Say I Miss You in Hindi: Phrases, Tone & Messages",https://subhsandesh.in/blog/how-to-say-i-miss-you-in-hindi
how-to-structure-cute-visual-milestone-timelines,Structuring Cute Milestone Timelines for Long-Distance Dating,https://subhsandesh.in/blog/how-to-structure-cute-visual-milestone-timelines
how-to-structure-cute-visual-milestone-timelines-ldr,How to Structure Cute Milestone Timelines for Long-Distance Dating,https://subhsandesh.in/blog/how-to-structure-cute-visual-milestone-timelines-ldr
how-to-surprise-long-distance-partner-online-virtual-gift-guide,How to Surprise Your Long-Distance Partner Online: The 2026 Virtual Gift Guide,https://subhsandesh.in/blog/how-to-surprise-long-distance-partner-online-virtual-gift-guide
how-to-tell-him-you-miss-him-over-text,"How to Tell Him You Miss Him Over Text — Gentle, Honest, Effective Lines",https://subhsandesh.in/blog/how-to-tell-him-you-miss-him-over-text
i-miss-you-countdown-to-meet,I Miss You Countdown to Meet — Make a Surprise Reunion Page,https://subhsandesh.in/blog/i-miss-you-countdown-to-meet
i-miss-you-in-different-languages,I Miss You in Different Languages — 50+ Translations & Messages,https://subhsandesh.in/blog/i-miss-you-in-different-languages
i-miss-you-in-marathi,"I Miss You in Marathi — Phrases, Messages & How to Share",https://subhsandesh.in/blog/i-miss-you-in-marathi
i-miss-you-in-tamil-words,"I Miss You in Tamil Words — Phrases, Messages & How to Send Them",https://subhsandesh.in/blog/i-miss-you-in-tamil-words
i-miss-you-letter-generator,I Miss You Letter Generator: Write a Heartfelt Message Fast,https://subhsandesh.in/blog/i-miss-you-letter-generator
i-miss-you-link-to-send-on-whatsapp,I miss you link to send on WhatsApp: make a heartfelt page in minutes,https://subhsandesh.in/blog/i-miss-you-link-to-send-on-whatsapp
i-miss-you-message,"I Miss You Message: 120+ Perfect Lines, Examples & How to Send Them",https://subhsandesh.in/blog/i-miss-you-message
i-miss-you-page-maker-for-her,I Miss You Page Maker for Her: Build a Heartfelt Page in Minutes,https://subhsandesh.in/blog/i-miss-you-page-maker-for-her
i-miss-you-so-much-message,I Miss You So Much Message — 75 Ready-to-Use Lines & How to Send Them,https://subhsandesh.in/blog/i-miss-you-so-much-message
i-really-miss-you-message,Touching “I really miss you” messages (plus how to send them as a private surprise),https://subhsandesh.in/blog/i-really-miss-you-message
interactive-i-miss-you-card-maker-with-photo-drop-container,Interactive I Miss You Card Maker — Photo Drop Container,https://subhsandesh.in/blog/interactive-i-miss-you-card-maker-with-photo-drop-container
interactive-map-builder-for-tracking-miles-between-long-dist,Interactive map builder for tracking miles between long distance couples,https://subhsandesh.in/blog/interactive-map-builder-for-tracking-miles-between-long-dist
interactive-milestone-tracking-tree-graph-for-long-distance,Interactive Milestone Tracking Tree Graph for LDR Apps,https://subhsandesh.in/blog/interactive-milestone-tracking-tree-graph-for-long-distance
interactive-miss-you-card-for-boyfriend,Interactive 'Miss You' Card for Boyfriend — Make One Online,https://subhsandesh.in/blog/interactive-miss-you-card-for-boyfriend
long-distance-countdown-timer-script-mobile-optimized,Long Distance Countdown Timer Script (Mobile Optimized),https://subhsandesh.in/blog/long-distance-countdown-timer-script-mobile-optimized
long-distance-flowers,"Long Distance Flowers: Send Fresh, Personal Blooms That Actually Arrive",https://subhsandesh.in/blog/long-distance-flowers
long-distance-love-book-template-with-multi-page,Long Distance Love Book Template with Personalized Multi-Page Views,https://subhsandesh.in/blog/long-distance-love-book-template-with-multi-page
long-distance-rakhi-celebration-ideas,Long Distance Rakhi Celebration Ideas Without a Video Call,https://subhsandesh.in/blog/long-distance-rakhi-celebration-ideas
long-distance-relationship-anniversary-surprise-ideas,Long Distance Relationship Anniversary Surprise Ideas: The Digital Blueprint,https://subhsandesh.in/blog/long-distance-relationship-anniversary-surprise-ideas
long-distance-romantic-gift-online,Long Distance Romantic Gift Online: 15 Thoughtful Ideas & How to Send One Now,https://subhsandesh.in/blog/long-distance-romantic-gift-online
long-distance-virtual-scroll-letter-maker,"Make a Long Distance Virtual Scroll Letter (Easy, Emotional)",https://subhsandesh.in/blog/long-distance-virtual-scroll-letter-maker
long-miss-you-paragraph-for-her,Long Miss You Paragraph for Her — 25 Examples & Tips,https://subhsandesh.in/blog/long-miss-you-paragraph-for-her
miss-you-gift-online-for-long-distance,Miss You Gift Online for Long Distance: Thoughtful Ideas & How to Send One,https://subhsandesh.in/blog/miss-you-gift-online-for-long-distance
miss-you-message-after-breakup,Miss You Message After Breakup: How to Write One That Feels Honest,https://subhsandesh.in/blog/miss-you-message-after-breakup
miss-you-message-for-best-friend,"Miss You Message for Best Friend: 80+ Lines, Tips & a Memorable Page",https://subhsandesh.in/blog/miss-you-message-for-best-friend
miss-you-message-for-bf,"Miss You Message for BF: 120+ Lines, Tips & a Simple Digital Surprise",https://subhsandesh.in/blog/miss-you-message-for-bf
miss-you-message-for-boyfriend,"Miss You Message for Boyfriend: 120 Sweet, Flirty & Romantic Lines",https://subhsandesh.in/blog/miss-you-message-for-boyfriend
miss-you-message-for-brother,"50 heartfelt miss you message for brother — examples, templates & how to send",https://subhsandesh.in/blog/miss-you-message-for-brother
miss-you-message-for-crush,"Miss You Message for Crush: 60+ Lines, How to Send & Make a Surprise Page",https://subhsandesh.in/blog/miss-you-message-for-crush
miss-you-message-for-dad,"Miss You Message for Dad: 70+ Examples, Templates & How to Send One",https://subhsandesh.in/blog/miss-you-message-for-dad
miss-you-message-for-ex,Miss You Message for Ex: How to Write One That Lands (With Examples),https://subhsandesh.in/blog/miss-you-message-for-ex
miss-you-message-for-family,Miss You Message for Family: Heartfelt Lines & How to Send,https://subhsandesh.in/blog/miss-you-message-for-family
miss-you-message-for-friend,Miss You Message for Friend: 120 Ready-to-Use Lines + How to Send One That Feels Real,https://subhsandesh.in/blog/miss-you-message-for-friend
miss-you-message-for-gf,"Miss You Message for GF: 70+ Lines, Examples & How to Send Them with Impact",https://subhsandesh.in/blog/miss-you-message-for-gf
miss-you-message-for-girlfriend,Miss You Message for Girlfriend — 120+ Heartfelt Lines & How to Send Them,https://subhsandesh.in/blog/miss-you-message-for-girlfriend
miss-you-message-for-husband,"Miss You Message for Husband: 120+ Sweet, Romantic & Thoughtful Lines",https://subhsandesh.in/blog/miss-you-message-for-husband
miss-you-message-for-long-distance,Miss You Message for Long Distance: 75 Heartfelt Lines & How to Send Them,https://subhsandesh.in/blog/miss-you-message-for-long-distance
miss-you-message-for-love-in-hindi,Miss You Message for Love in Hindi — Romantic Lines,https://subhsandesh.in/blog/miss-you-message-for-love-in-hindi
miss-you-message-for-mom,"Miss You Message for Mom: 80+ Lines, Tips & a Simple How‑To",https://subhsandesh.in/blog/miss-you-message-for-mom
miss-you-message-for-sister,Miss You Message for Sister: 75+ Lines & How to Send a Heartfelt Surprise,https://subhsandesh.in/blog/miss-you-message-for-sister
miss-you-message-for-someone-special,Miss You Message for Someone Special — 75+ Lines & How to Send Them,https://subhsandesh.in/blog/miss-you-message-for-someone-special
miss-you-message-for-wife,Miss You Message for Wife — Words That Truly Reach Her,https://subhsandesh.in/blog/miss-you-message-for-wife
miss-you-message-generator,"Miss You Message Generator — Instant, heartfelt messages you can customize",https://subhsandesh.in/blog/miss-you-message-generator
miss-you-message-good-morning,Miss You Message Good Morning: 70+ Sweet Examples & How to Send One,https://subhsandesh.in/blog/miss-you-message-good-morning
miss-you-message-good-night,"Miss You Message Good Night: 50+ Lines, Examples & How to Send",https://subhsandesh.in/blog/miss-you-message-good-night
miss-you-message-in-gujarati,"Miss You Message in Gujarati: 60+ Lines, Examples & How to Send",https://subhsandesh.in/blog/miss-you-message-in-gujarati
miss-you-message-in-marathi,"Miss You Message in Marathi: 120+ Lines, Tips & a Simple Way to Send Them",https://subhsandesh.in/blog/miss-you-message-in-marathi
miss-you-message-in-punjabi,"Miss You Message in Punjabi: Phrases, Examples & How to Send",https://subhsandesh.in/blog/miss-you-message-in-punjabi
miss-you-message-in-tamil-for-love,"Miss You Message in Tamil for Love: Short, Romantic & Ready-to-Send Lines",https://subhsandesh.in/blog/miss-you-message-in-tamil-for-love
miss-you-message-in-telugu,"Miss You Message in Telugu: 140+ Phrases, Examples & How to Send One",https://subhsandesh.in/blog/miss-you-message-in-telugu
miss-you-message-to-make-her-feel-special,Miss You Message to Make Her Feel Special (75+ Examples & How to Send),https://subhsandesh.in/blog/miss-you-message-to-make-her-feel-special
miss-you-messages-for-her,"Miss You Messages for Her — 150+ Sweet, Short & Romantic Lines",https://subhsandesh.in/blog/miss-you-messages-for-her
miss-you-messages-for-him,120 Miss You Messages for Him + How to Make Them Special,https://subhsandesh.in/blog/miss-you-messages-for-him
miss-you-messages-for-love,Miss You Messages for Love: 120+ Lines & How to Make Them Yours,https://subhsandesh.in/blog/miss-you-messages-for-love
miss-you-msg-for-love,Miss You Msg for Love: Sweet Lines & How to Send One,https://subhsandesh.in/blog/miss-you-msg-for-love
miss-you-paragraph-for-him,Miss You Paragraph for Him: 55 Examples + Send-as-Surprise,https://subhsandesh.in/blog/miss-you-paragraph-for-him
miss-you-photo-collage-maker,Miss You Photo Collage Maker: Create a Heartfelt Page Fast,https://subhsandesh.in/blog/miss-you-photo-collage-maker
miss-you-quotes-in-bengali,"Miss You Quotes in Bengali: 120+ Lines, Examples & How to Send Them",https://subhsandesh.in/blog/miss-you-quotes-in-bengali
miss-you-quotes-in-kannada,Miss You Quotes in Kannada: Heartfelt Lines to Send Right Now,https://subhsandesh.in/blog/miss-you-quotes-in-kannada
miss-you-quotes-in-malayalam,Miss You Quotes in Malayalam — Heartfelt Lines to Send,https://subhsandesh.in/blog/miss-you-quotes-in-malayalam
miss-you-quotes-in-tamil,Miss You Quotes in Tamil: Heartfelt Lines to Send,https://subhsandesh.in/blog/miss-you-quotes-in-tamil
miss-you-quotes-in-telugu-for-love,Miss You Quotes in Telugu for Love — Romantic Lines & How to Send Them,https://subhsandesh.in/blog/miss-you-quotes-in-telugu-for-love
miss-you-shayari-in-marathi,Miss You Shayari in Marathi: Heartfelt Lines + How to Share,https://subhsandesh.in/blog/miss-you-shayari-in-marathi
miss-you-shayari-in-punjabi,"Miss You Shayari in Punjabi: 60+ Lines, Examples & How to Share",https://subhsandesh.in/blog/miss-you-shayari-in-punjabi
miss-you-shayari-in-urdu,Miss You Shayari in Urdu — 50 Heartfelt Lines & How to Send Them,https://subhsandesh.in/blog/miss-you-shayari-in-urdu
miss-you-shayari-in-urdu-2-line,Miss You Shayari in Urdu — 2 Line Gems to Send Today,https://subhsandesh.in/blog/miss-you-shayari-in-urdu-2-line
miss-you-status-in-marathi,"Miss You Status in Marathi: 80+ Lines, Ideas & How to Share",https://subhsandesh.in/blog/miss-you-status-in-marathi
miss-you-status-in-tamil,"Miss You Status in Tamil — 80+ lines, translations & how to share",https://subhsandesh.in/blog/miss-you-status-in-tamil
miss-you-status-in-telugu,Miss You Status in Telugu — 80+ Heartfelt Lines,https://subhsandesh.in/blog/miss-you-status-in-telugu
miss-you-surprise-page-for-girlfriend,Miss You Surprise Page for Girlfriend — Make Her Smile Today,https://subhsandesh.in/blog/miss-you-surprise-page-for-girlfriend
miss-you-text-message-for-him,"Miss You Text Message for Him: 120+ Examples, Tone Guide & Surprise Ideas",https://subhsandesh.in/blog/miss-you-text-message-for-him
miss-you-video-maker-with-photos,Miss You Video Maker With Photos — Make a Heartfelt Slideshow Fast,https://subhsandesh.in/blog/miss-you-video-maker-with-photos
missing-you-already-message,"Missing You Already Message: 90+ Lines, Examples & How to Send",https://subhsandesh.in/blog/missing-you-already-message
missing-you-message-for-boyfriend,Missing You Message for Boyfriend: 50 Heartfelt Lines + How to Surprise Him,https://subhsandesh.in/blog/missing-you-message-for-boyfriend
online-apology-book-long-distance-spouse,Write an Online Apology Book for a Long-Distance Spouse,https://subhsandesh.in/blog/online-apology-book-long-distance-spouse
raksha-bandhan-wishes-for-long-distance-brother,"Raksha Bandhan Wishes for a Long Distance Brother, Sent Right",https://subhsandesh.in/blog/raksha-bandhan-wishes-for-long-distance-brother
romantic-miss-you-message,Romantic Miss You Message: 50+ Lines & How to Send,https://subhsandesh.in/blog/romantic-miss-you-message
send-flowers-to-long-distance-girlfriend,Send Flowers to Your Long-Distance Girlfriend,https://subhsandesh.in/blog/send-flowers-to-long-distance-girlfriend
send-i-miss-you-card-online,"Send I Miss You Card Online — Easy, Personal & Private",https://subhsandesh.in/blog/send-i-miss-you-card-online
send-locked-dynamic-link-long-distance-lover,How to Send a Locked Dynamic Link to Your Long-Distance Lover,https://subhsandesh.in/blog/send-locked-dynamic-link-long-distance-lover
short-miss-you-message,Short Miss You Message: 80+ Sweet & Simple Lines to Send Today,https://subhsandesh.in/blog/short-miss-you-message
sweet-miss-you-message-for-girlfriend,"Sweet Miss You Message for Girlfriend: 50+ Lines, Ideas & How to Send",https://subhsandesh.in/blog/sweet-miss-you-message-for-girlfriend
sweet-paragraph-generator-tracking-long-distance-anniversary,Sweet Paragraph Generator for LDR Anniversary Months,https://subhsandesh.in/blog/sweet-paragraph-generator-tracking-long-distance-anniversary
unique-design-ideas-for-long-distance-surprise-pages,Unique Design Ideas for Long-Distance Surprise Pages,https://subhsandesh.in/blog/unique-design-ideas-for-long-distance-surprise-pages
virtual-birthday-gift-for-long-distance,Virtual birthday gift for long distance: 7 easy ideas that actually feel personal,https://subhsandesh.in/blog/virtual-birthday-gift-for-long-distance
virtual-flowers-for-long-distance-relationship,Virtual Flowers for Long Distance Relationship: Send a Blooming Surprise,https://subhsandesh.in/blog/virtual-flowers-for-long-distance-relationship
virtual-gift-for-long-distance-girlfriend,Virtual Gift for Long Distance Girlfriend: The Best Idea That Actually Feels Close,https://subhsandesh.in/blog/virtual-gift-for-long-distance-girlfriend
website-to-tell-someone-you-miss-them,"Website to Tell Someone You Miss Them: Make a Simple, Heartfelt Page",https://subhsandesh.in/blog/website-to-tell-someone-you-miss-them
what-to-say-when-you-miss-someone,What to Say When You Miss Someone: 70+ Lines & Messages That Actually Work,https://subhsandesh.in/blog/what-to-say-when-you-miss-someone
write-heartbreaking-poems-distance-partner,How to Write Heart-Breaking Poems for a Long-Distance Partner,https://subhsandesh.in/blog/write-heartbreaking-poems-distance-partner
