romantic gift ideas for boyfriend	3	1	fnp.com;pinterest.com;oyehappy.com	confettigifts.in;saugatonline.com;theknot.com;endlessdistances.com
romantic gifts for boyfriend long distance	5	1	amazon.in;oyehappy.com;pinterest.com;fnp.com;etsy.com	endlessdistances.com;theknot.com
romantic gift for bf birthday	5	1	oyehappy.com;oyegifts.com;pinterest.com;fnp.com;tiedribbons.com	confettigifts.in;theknot.com
anniversary gift for boyfriend unique	5	1	oyehappy.com;pinterest.com;igp.com;amazon.in;reddit.com	confettigifts.in;uncommongoods.com;theknot.com
anniversary gift for boyfriend 2 years	5	1	pinterest.com;amazon.in;etsy.com;reddit.com;oyehappy.com	theknot.com;confettigifts.in
anniversary gift for boyfriend 1 year	6	1	amazon.in;pinterest.com;reddit.com;igp.com;fnp.com;oyehappy.com	confettigifts.in;theknot.com
romantic gift for boyfriend on valentine's day	6	1	fnp.com;oyehappy.com;amazon.in;pinterest.com;caratlane.com;flipkart.com	confettigifts.in;chococraft.in
anniversary gift for boyfriend long distance	4	1	oyehappy.com;amazon.in;pinterest.com;reddit.com	endlessdistances.com;zwende.com;boxupgifting.com;confettigifts.in
anniversary gift for boyfriend 3 years	6	1	meesho.com;pinterest.com;amazon.in;youtube.com;quora.com;etsy.com	theknot.com;bumblebeelinens.com
anniversary gift for boyfriend 5 years	7	1	amazon.in;pinterest.com;reddit.com;igp.com;oyegifts.com;oyehappy.com;etsy.com	theknot.com
gift ideas for boyfriend handmade	3	1	pinterest.com;amazon.in;nestasia.in	aftertaste.co.in;zwende.com;stylebyemilyhenderson.com
what are good gift ideas for boyfriend	5	1	fnp.com;reddit.com;oyehappy.com;youtube.com;bigsmall.in	confettigifts.in;styledbymckenz.com;endlessdistances.com;theadventurechallenge.com
gift ideas for boyfriend anniversary	5	1	oyehappy.com;pinterest.com;fnp.com;reddit.com;amazon.in	confettigifts.in;theknot.com;uncommongoods.com
best gift for boyfriend on his birthday	5	1	fnp.com;pinterest.com;oyehappy.com;youtube.com;oyegifts.com	confettigifts.in;styledbymckenz.com
gift ideas for boyfriend christmas	6	1	fnp.com;pinterest.com;reddit.com;youtube.com;amazon.in;nestasia.in	styledbymckenz.com;theadventurechallenge.com
how to surprise my boyfriend for no reason	4	1	reddit.com;pinterest.com;quora.com;fnp.com	wikihow.com;zenhabits.net;munchiesandmunchkins.com;proflowers.com
how to surprise your boyfriend randomly	4	1	reddit.com;pinterest.com;youtube.com;quora.com	wikihow.com;munchiesandmunchkins.com;stylecraze.com;anncheshire.co.nz
how to surprise my boyfriend with pregnancy	3	1	za.pinterest.com;reddit.com;in.pinterest.com	pampers.com;oasisindia.in;thebump.com;clearblue.com;focusonthefamily.com
how to surprise my boyfriend in long distance relationship	5	1	pinterest.com;quora.com;reddit.com;mysweetldr.medium.com;thezappybox.com	endlessdistances.com;wikihow.com;camillestyles.com
how to surprise my boyfriend on our anniversary	5	1	pinterest.com;igp.com;fnp.com;quora.com;oyehappy.com	greetingsisland.com;boxupgifting.com;theknot.com
how to surprise my boyfriend on his birthday	5	1	quora.com;thezappybox.com;cherishx.com;reddit.com;pinterest.com	bookthesurprise.com;blacks.ca;confettigifts.in
how to surprise my boyfriend when he comes home	3	1	reddit.com;pinterest.com;quora.com	wikihow.com;arnolditkin.com;togetherv.com;boomf.com;changehim.com
how to surprise my boyfriend just because	4	1	reddit.com;fnp.com;pinterest.com;quora.com	wikihow.com;vice.com;confettigifts.in;theknot.com
how to surprise your boyfriend on his birthday online	6	1	pinterest.com;thezappybox.com;oyegifts.com;cherishx.com;quora.com;igp.com	gifft.me;memento.com
how to surprise my girlfriend for no reason	3	1	quora.com;reddit.com;pinterest.com	romantic.ua;wikihow.com;boontoon.com;zenhabits.net;marriage.com
surprise gift for girlfriend on valentine's week	6	1	fnp.com;oyehappy.com;oyegifts.com;amazon.in;pinterest.com;cherishx.com	confettigifts.in;jusst4you.com
how to surprise my girlfriend with flowers	4	1	myflowertree.com;pinterest.com;interflora.in;reddit.com	regalflowers.com.ng;bloomsflora.com;flowersathilltop.com;williampaulfloraldesignatl.com
surprise gifts for girlfriend on valentine's day	7	1	igp.com;fnp.com;flipkart.com;pinterest.com;caratlane.com;amazon.in;youtube.com	confettigifts.in
how to surprise my girlfriend without money	4	1	reddit.com;quora.com;facebook.com;scribd.com	slownorth.com;zenhabits.net;wikihow.com;celebrateagain.org
surprise gift for girlfriend at work	5	1	fnp.com;amazon.in;quora.com;nestasia.in;reddit.com	theknot.com;boontoon.com;styledbymckenz.com
how to surprise my girlfriend after work	3	1	quora.com;reddit.com;youtube.com	wikihow.com;romantic.ua;boontoon.com;giftory.com;thetravellingsquid.com;marriage.com
surprise gift for girlfriend instant	7	1	fnp.com;oyegifts.com;igp.com;youtube.com;instagram.com;amazon.in;oyehappy.com	lovelydesign.in;qlovy.com
how to surprise my gf on her birthday	5	1	reddit.com;pinterest.com;cherishx.com;quora.com;youtube.com	incrediblegifts.in;surprisemachi.com;giftory.com;showcity.in
gift ideas for girlfriend 1 year anniversary	5	1	pinterest.com;oyehappy.com;reddit.com;amazon.in;igp.com	confettigifts.in;theknot.com
