keyword,cluster_id,source_url,source_domain,evidence_type,intent,page_type_required,est_volume,volume_source,weakness_count,gate_failed,bucket,priority_score,ranking_urls,category,action,own_url,own_position,expected_clicks,trend,peak_window,publish_by,demand_rank,duplicate_of,market,collides_with_live_slug,prior_run_duplicate,note
miss you,c01-head-en,,inferred from the measured SERP of this cluster,SERP-ARCHETYPE,informational,blog listicle,"10,000+/mo",EST,2,,hard-differentiator-only,20,,head-en,new-page,,none,90,evergreen,year-round,,,,us/gb,,,head term shared with Rolling Stones / Oliver Tree / blink-182 song entities — split intent
i miss you,c01-head-en,,inferred from the measured SERP of this cluster,SERP-ARCHETYPE,informational,blog listicle,"10,000+/mo",EST,2,,hard-differentiator-only,20,,head-en,merge-into-existing,https://subhsandesh.in/blog/i-really-miss-you-message,unmeasured-live-page,90,evergreen,year-round,,,,us/gb,i-really-miss-you-message,,blink-182 + Beyoncé song entities hold the SERP
missing you,c01-head-en,,inferred from the measured SERP of this cluster,SERP-ARCHETYPE,informational,blog listicle,"10,000+/mo",EST,2,,hard-differentiator-only,20,,head-en,new-page,,none,90,evergreen,year-round,,,,us/gb,,,song + John Waite entity
miss you quotes,c01-head-en,https://www.google.com/search?q=miss%20you%20quotes,"google.com (US-served, WebSearch 2026-09-25)",SERP-MEASURED,informational,blog listicle,"10,000+/mo",EST,4,,winnable-now,60,,head-en,new-page,,none,880,evergreen,year-round,,13,,us/gb,,miss you quotes,"rd.com, brainyquote, marriage.com; weak: pinterest, goodreads x2, ibme.utk.edu off-intent"
i miss you quotes,c01-head-en,,inferred from the measured SERP of this cluster,SERP-ARCHETYPE,informational,blog listicle,"10,000+/mo",EST,4,,winnable-now,60,,head-en,merge-into-cluster-primary,https://subhsandesh.in/blog/i-really-miss-you-message,unmeasured-live-page,880,evergreen,year-round,,7,miss you quotes,us/gb,i-really-miss-you-message,miss you quotes,
missing you quotes,c01-head-en,,inferred from the measured SERP of this cluster,SERP-ARCHETYPE,informational,blog listicle,"3,000-10,000/mo",EST,4,,winnable-now,48,,head-en,new-page,,none,286,evergreen,year-round,,,,us/gb,,missing you quotes,
i miss you message,c01-head-en,,inferred from the measured SERP of this cluster,SERP-ARCHETYPE,informational-commercial,blog listicle,"3,000-10,000/mo",EST,4,,own-it-already,64,,head-en,improve-existing,https://subhsandesh.in/blog/i-miss-you-message,unmeasured-live-page,286,evergreen,year-round,,,,us/gb/in,i-miss-you-message,i miss you online message,live: /blog/i-miss-you-message
i miss you so much,c01-head-en,,inferred from the measured SERP of this cluster,SERP-ARCHETYPE,informational,blog listicle,"3,000-10,000/mo",EST,3,,own-it-already,48,,head-en,improve-existing,https://subhsandesh.in/blog/i-miss-you-so-much-message,unmeasured-live-page,286,evergreen,year-round,,6,,us/gb,i-miss-you-so-much-message,,live: /blog/i-miss-you-so-much-message
miss you love you,c01-head-en,,inferred from the measured SERP of this cluster,SERP-ARCHETYPE,informational,blog listicle,"1,000-3,000/mo",EST,1,,hard-differentiator-only,12,,head-en,merge-into-existing,https://subhsandesh.in/blog/miss-you-msg-for-love,unmeasured-live-page,9,evergreen,year-round,,10,,us/gb,miss-you-msg-for-love,,film entity — cast/review queries dominate
i miss you meaning,c01-head-en,,inferred from the measured SERP of this cluster,SERP-ARCHETYPE,informational,explainer,"1,000-3,000/mo",EST,4,,winnable-now,24,,head-en,merge-into-existing,https://subhsandesh.in/blog/i-really-miss-you-message,unmeasured-live-page,88,evergreen,year-round,,4,,us/gb,i-really-miss-you-message,,
how i miss you meaning,c01-head-en,,inferred from the measured SERP of this cluster,SERP-ARCHETYPE,informational,explainer,"300-1,000/mo",EST,5,,winnable-now,20,,head-en,merge-into-cluster-primary,https://subhsandesh.in/blog/i-really-miss-you-message,unmeasured-live-page,43,evergreen,year-round,,6,i miss you meaning,us/gb,i-really-miss-you-message,,"grammar/inversion query, forum-held"
miss you emoji meaning,c01-head-en,,inferred from the measured SERP of this cluster,SERP-ARCHETYPE,informational,explainer,"1,000-3,000/mo",EST,4,,winnable-now,24,,head-en,new-page,,none,88,evergreen,year-round,,,,us/gb,,,
how to say i miss you without sounding desperate,c02-without-saying,https://www.google.com/search?q=how%20to%20say%20i%20miss%20you%20without%20sounding%20desperate,"google.com (US-served, WebSearch 2026-09-25)",SERP-MEASURED,informational-commercial,how-to guide,"1,000-3,000/mo",EST,5,,winnable-now,60,,without-saying,new-page,,none,132,evergreen,year-round,,,,us/gb,,,"weak: facebook, quora x2, wikipedia off-intent, substack comments"
i miss you without saying it,c02-without-saying,,inferred from the measured SERP of this cluster,SERP-ARCHETYPE,informational-commercial,how-to guide,"1,000-3,000/mo",EST,5,,winnable-now,60,,without-saying,new-page,,none,132,evergreen,year-round,,4,,us/gb,,,
how to say i miss you without actually saying it,c02-without-saying,,inferred from the measured SERP of this cluster,SERP-ARCHETYPE,informational-commercial,how-to guide,"300-1,000/mo",EST,5,,winnable-now,40,,without-saying,merge-into-cluster-primary,,none,43,evergreen,year-round,,,how to say i miss you without sounding desperate,us/gb,,,
ways to say i miss you without saying it,c02-without-saying,,inferred from the measured SERP of this cluster,SERP-ARCHETYPE,informational-commercial,blog listicle,"300-1,000/mo",EST,5,,winnable-now,40,,without-saying,merge-into-existing,https://subhsandesh.in/blog/cute-ways-to-say-i-miss-you-over-text,unmeasured-live-page,43,evergreen,year-round,,,,us/gb,cute-ways-to-say-i-miss-you-over-text,,
how to tell someone you miss them without being needy,c02-without-saying,,inferred from the measured SERP of this cluster,SERP-ARCHETYPE,informational-commercial,how-to guide,"300-1,000/mo",EST,5,,winnable-now,40,,without-saying,merge-into-existing,https://subhsandesh.in/blog/website-to-tell-someone-you-miss-them,unmeasured-live-page,43,evergreen,year-round,,,,us/gb,website-to-tell-someone-you-miss-them,how to tell someone you miss them,
subtle ways to say i miss you over text,c02-without-saying,,inferred from the measured SERP of this cluster,SERP-ARCHETYPE,informational-commercial,blog listicle,"300-1,000/mo",EST,4,,winnable-now,32,,without-saying,merge-into-existing,https://subhsandesh.in/blog/cute-ways-to-say-i-miss-you-over-text,unmeasured-live-page,29,evergreen,year-round,,,,us/gb,cute-ways-to-say-i-miss-you-over-text,,adjacent live page: cute-ways-to-say-i-miss-you-over-text — check before drafting
i miss you in spanish,c03-translate-en,,inferred from the measured SERP of this cluster,SERP-ARCHETYPE,informational,explainer + phrasebook,"10,000+/mo",EST,4,,winnable-now,60,,translate-en,new-page,,none,880,evergreen,year-round,,7,,us/gb,,,
i miss you in french,c03-translate-en,,inferred from the measured SERP of this cluster,SERP-ARCHETYPE,informational,explainer + phrasebook,"3,000-10,000/mo",EST,4,,winnable-now,48,,translate-en,new-page,,none,286,evergreen,year-round,,6,,us/gb,,,
i miss you in korean,c03-translate-en,,inferred from the measured SERP of this cluster,SERP-ARCHETYPE,informational,explainer + phrasebook,"3,000-10,000/mo",EST,4,,winnable-now,48,,translate-en,new-page,,none,286,evergreen,year-round,,8,,us/gb,,,
i miss you in italian,c03-translate-en,,inferred from the measured SERP of this cluster,SERP-ARCHETYPE,informational,explainer + phrasebook,"3,000-10,000/mo",EST,4,,winnable-now,48,,translate-en,new-page,,none,286,evergreen,year-round,,4,,us/gb,,,
i miss you in japanese,c03-translate-en,,inferred from the measured SERP of this cluster,SERP-ARCHETYPE,informational,explainer + phrasebook,"3,000-10,000/mo",EST,4,,winnable-now,48,,translate-en,new-page,,none,286,evergreen,year-round,,6,,us/gb,,,
i miss you in german,c03-translate-en,,inferred from the measured SERP of this cluster,SERP-ARCHETYPE,informational,explainer + phrasebook,"1,000-3,000/mo",EST,4,,winnable-now,36,,translate-en,new-page,,none,88,evergreen,year-round,,4,,us/gb,,,
i miss you in portuguese,c03-translate-en,,inferred from the measured SERP of this cluster,SERP-ARCHETYPE,informational,explainer + phrasebook,"1,000-3,000/mo",EST,4,,winnable-now,36,,translate-en,new-page,,none,88,evergreen,year-round,,2,,us/gb,,,
i miss you in arabic,c03-translate-en,,inferred from the measured SERP of this cluster,SERP-ARCHETYPE,informational,explainer + phrasebook,"1,000-3,000/mo",EST,4,,winnable-now,36,,translate-en,new-page,,none,88,evergreen,year-round,,2,,us/gb,,,
i miss you in russian,c03-translate-en,,inferred from the measured SERP of this cluster,SERP-ARCHETYPE,informational,explainer + phrasebook,"1,000-3,000/mo",EST,4,,winnable-now,36,,translate-en,new-page,,none,88,evergreen,year-round,,1,,us/gb,,,
i miss you in different languages,c03-translate-en,https://www.google.com/search?q=i%20miss%20you%20in%20different%20languages,"google.com (US-served, WebSearch 2026-09-25)",SERP-MEASURED,informational,pillar hub,"3,000-10,000/mo",EST,5,,own-it-already,60,,translate-en,improve-existing,https://subhsandesh.in/blog/i-miss-you-in-different-languages,unmeasured-live-page,429,evergreen,year-round,,,,us/gb/in,i-miss-you-in-different-languages,,"live: /blog/i-miss-you-in-different-languages; weak: quora, medium, afar off-intent, imtranslator, indifferentlanguages; spoke under the live hub /blog/i-miss-you-in-different-languages — link both ways, do not restate its table"
i miss you too in spanish,c03-translate-en,,inferred from the measured SERP of this cluster,SERP-ARCHETYPE,informational,explainer,"1,000-3,000/mo",EST,4,,winnable-now,36,,translate-en,merge-into-cluster-primary,,none,88,evergreen,year-round,,4,i miss you in spanish,us,,,
i miss you so much in spanish,c03-translate-en,,inferred from the measured SERP of this cluster,SERP-ARCHETYPE,informational,explainer,"1,000-3,000/mo",EST,4,,winnable-now,36,,translate-en,merge-into-cluster-primary,,none,88,evergreen,year-round,,3,i miss you in spanish,us,,,
frases de te extraño,c04-es,https://www.google.com/search?q=frases%20de%20te%20extra%C3%B1o,"google.com (US-served, WebSearch 2026-09-25)",SERP-MEASURED,informational-commercial,blog listicle,"3,000-10,000/mo",EST,4,,winnable-now,64,,es,new-page,,none,286,evergreen,year-round,,,,es/mx/us,,,"weak: norfipc, frasesconemocion, pensador, wikipedia off-intent"
te extraño mucho frases para el,c04-es,,inferred from the measured SERP of this cluster,SERP-ARCHETYPE,informational-commercial,blog listicle,"1,000-3,000/mo",EST,4,,winnable-now,48,,es,new-page,,none,88,evergreen,year-round,,,,es/mx,,,
frases de te extraño para mi novia,c04-es,,inferred from the measured SERP of this cluster,SERP-ARCHETYPE,informational-commercial,blog listicle,"1,000-3,000/mo",EST,4,,winnable-now,48,,es,new-page,,none,88,evergreen,year-round,,,,es/mx,,,
carta para decir te extraño,c04-es,,inferred from the measured SERP of this cluster,SERP-ARCHETYPE,transactional,how-to guide,"300-1,000/mo",EST,4,,winnable-now,40,,es,new-page,,none,29,evergreen,year-round,,,,es/mx,,,
te echo de menos significado,c04-es,,inferred from the measured SERP of this cluster,SERP-ARCHETYPE,informational,explainer,"1,000-3,000/mo",EST,3,,winnable-now,24,,es,new-page,,none,88,evergreen,year-round,,7,,es,,,Netflix series 'Te echo de menos' owns the bare head term in Spain
diferencia entre te extraño y te echo de menos,c04-es,,inferred from the measured SERP of this cluster,SERP-ARCHETYPE,informational,explainer,"300-1,000/mo",EST,5,,winnable-now,30,,es,new-page,,none,43,evergreen,year-round,,,,es/mx,,,regional split: extrañar (LatAm) vs echar de menos (Spain) — original angle
te extraño en ingles como se dice,c04-es,,inferred from the measured SERP of this cluster,SERP-ARCHETYPE,informational,explainer,"1,000-3,000/mo",EST,4,,winnable-now,36,,es,new-page,,none,88,evergreen,year-round,,,,es/mx,,,
otra forma de decir te extraño,c04-es,,inferred from the measured SERP of this cluster,SERP-ARCHETYPE,informational-commercial,blog listicle,"300-1,000/mo",EST,4,,winnable-now,32,,es,new-page,,none,29,evergreen,year-round,,,,mx/es,,,
mensajes de te extraño para whatsapp,c04-es,,inferred from the measured SERP of this cluster,SERP-ARCHETYPE,transactional,blog listicle,"1,000-3,000/mo",EST,4,,winnable-now,60,,es,new-page,,none,88,evergreen,year-round,,,,es/mx,,,
frases de te extraño para una amiga,c04-es,,inferred from the measured SERP of this cluster,SERP-ARCHETYPE,informational-commercial,blog listicle,"300-1,000/mo",EST,4,,winnable-now,32,,es,merge-into-cluster-primary,,none,29,evergreen,year-round,,,frases de te extraño para mi novia,es/mx,,,
te extraño papa frases,c04-es,,inferred from the measured SERP of this cluster,SERP-ARCHETYPE,informational-commercial,blog listicle,"300-1,000/mo",EST,4,,winnable-now,32,,es,new-page,,none,29,evergreen,year-round,,2,,mx/es,,,grief-adjacent — needs tone care
como decir te extraño sin decirlo,c04-es,,inferred from the measured SERP of this cluster,SERP-ARCHETYPE,informational-commercial,how-to guide,"300-1,000/mo",EST,5,,winnable-now,40,,es,new-page,,none,43,evergreen,year-round,,,,es/mx,,,Spanish twin of the c02 English winner
te echo de menos en catalan,c04-es,,inferred from the measured SERP of this cluster,SERP-ARCHETYPE,informational,explainer,"300-1,000/mo",EST,4,,winnable-now,16,,es,new-page,,none,29,evergreen,year-round,,9,,es,,,
te extraño en silencio significado,c04-es,,inferred from the measured SERP of this cluster,SERP-ARCHETYPE,informational,explainer,"300-1,000/mo",EST,3,,winnable-now,16,,es,new-page,,none,29,evergreen,year-round,,,,mx,,,partly a Grupo Firme song query
imagenes de te extraño para enviar,c04-es,,inferred from the measured SERP of this cluster,SERP-ARCHETYPE,informational,image gallery,"1,000-3,000/mo",EST,3,,winnable-now,36,,es,merge-into-cluster-primary,,none,88,evergreen,year-round,,,mensajes de te extraño para whatsapp,es/mx,,,
pagina web para decir te extraño,c04-es,,inferred from the measured SERP of this cluster,SERP-ARCHETYPE,transactional,product landing,under 300/mo,EST,5,,winnable-now,25,,es,merge-into-cluster-primary,,none,10,evergreen,year-round,,,carta para decir te extraño,es/mx,,,product-shaped; almost no incumbent
mensagem de saudade para namorado,c05-pt,https://www.google.com/search?q=mensagem%20de%20saudade%20para%20namorado,"google.com (US-served, WebSearch 2026-09-25)",SERP-MEASURED,informational-commercial,blog listicle,"3,000-10,000/mo",EST,5,,winnable-now,80,,pt,new-page,,none,429,evergreen,year-round,,,,br/pt,,,"weak: tiktok x2, pinterest, medium, coroasparavelorio off-intent"
frases de saudade para namorada,c05-pt,,inferred from the measured SERP of this cluster,SERP-ARCHETYPE,informational-commercial,blog listicle,"3,000-10,000/mo",EST,5,,winnable-now,80,,pt,new-page,,none,429,evergreen,year-round,,,,br/pt,,,
saudade em ingles como se diz,c05-pt,,inferred from the measured SERP of this cluster,SERP-ARCHETYPE,informational,explainer,"1,000-3,000/mo",EST,4,,winnable-now,36,,pt,new-page,,none,88,evergreen,year-round,,,,br/pt,,,"the untranslatable-word angle, genuinely researchable"
sinto sua falta em ingles,c05-pt,,inferred from the measured SERP of this cluster,SERP-ARCHETYPE,informational,explainer,"1,000-3,000/mo",EST,4,,winnable-now,36,,pt,new-page,,none,88,evergreen,year-round,,3,,br/pt,,,
mensagem de saudade para amiga,c05-pt,,inferred from the measured SERP of this cluster,SERP-ARCHETYPE,informational-commercial,blog listicle,"1,000-3,000/mo",EST,5,,winnable-now,60,,pt,new-page,,none,132,evergreen,year-round,,,,br/pt,,,
frases de saudades eternas,c05-pt,,inferred from the measured SERP of this cluster,SERP-ARCHETYPE,informational,blog listicle,"1,000-3,000/mo",EST,4,,winnable-now,36,,pt,new-page,,none,88,evergreen,year-round,,,,br/pt,,,memorial intent — tone care
mensagem de saudade para mae,c05-pt,,inferred from the measured SERP of this cluster,SERP-ARCHETYPE,informational-commercial,blog listicle,"1,000-3,000/mo",EST,5,,winnable-now,60,,pt,new-page,,none,132,evergreen,year-round,,,,br/pt,,,
saudade ou saudades qual o certo,c05-pt,,inferred from the measured SERP of this cluster,SERP-ARCHETYPE,informational,explainer,"1,000-3,000/mo",EST,4,,winnable-now,24,,pt,new-page,,none,88,evergreen,year-round,,,,br/pt,,,
cartao virtual de saudade,c05-pt,,inferred from the measured SERP of this cluster,SERP-ARCHETYPE,transactional,product landing,under 300/mo,EST,5,,winnable-now,25,,pt,new-page,,none,10,evergreen,year-round,,,,br/pt,,,
o que significa saudade,c05-pt,,inferred from the measured SERP of this cluster,SERP-ARCHETYPE,informational,explainer,"1,000-3,000/mo",EST,3,,winnable-now,24,,pt,new-page,,none,88,evergreen,year-round,,,,br/pt,,,
message tu me manques,c06-fr,https://www.google.com/search?q=message%20tu%20me%20manques,"google.com (US-served, WebSearch 2026-09-25)",SERP-MEASURED,informational-commercial,blog listicle,"3,000-10,000/mo",EST,3,,winnable-now,64,,fr,new-page,,none,286,evergreen,year-round,,,,fr,,,"incumbents are product blogs (Lovebox, Flexilivre) — the same play as ours"
tu me manques tellement texte,c06-fr,,inferred from the measured SERP of this cluster,SERP-ARCHETYPE,informational-commercial,blog listicle,"1,000-3,000/mo",EST,3,,winnable-now,48,,fr,new-page,,none,88,evergreen,year-round,,,,fr,,,
tu me manques en anglais,c06-fr,,inferred from the measured SERP of this cluster,SERP-ARCHETYPE,informational,explainer,"1,000-3,000/mo",EST,4,,winnable-now,36,,fr,new-page,,none,88,evergreen,year-round,,3,,fr,,,
sms tu me manques pour lui,c06-fr,,inferred from the measured SERP of this cluster,SERP-ARCHETYPE,informational-commercial,blog listicle,"1,000-3,000/mo",EST,3,,winnable-now,48,,fr,new-page,,none,88,evergreen,year-round,,,,fr,,,
tu me manques mon amour texte,c06-fr,,inferred from the measured SERP of this cluster,SERP-ARCHETYPE,informational-commercial,blog listicle,"1,000-3,000/mo",EST,3,,winnable-now,48,,fr,new-page,,none,88,evergreen,year-round,,1,,fr,,,
comment dire tu me manques autrement,c06-fr,,inferred from the measured SERP of this cluster,SERP-ARCHETYPE,informational-commercial,how-to guide,"300-1,000/mo",EST,5,,winnable-now,40,,fr,new-page,,none,43,evergreen,year-round,,,,fr,,,
tu me manques signification grammaire,c06-fr,,inferred from the measured SERP of this cluster,SERP-ARCHETYPE,informational,explainer,under 300/mo,EST,5,,winnable-now,10,,fr,new-page,,none,10,evergreen,year-round,,,,fr,,,"'you are missing FROM me' — the dative construction, a real linguistics hook"
poeme tu me manques,c06-fr,,inferred from the measured SERP of this cluster,SERP-ARCHETYPE,informational,blog listicle,"300-1,000/mo",EST,4,,winnable-now,24,,fr,merge-into-cluster-primary,,none,29,evergreen,year-round,,,message tu me manques,fr,,,
tu me manques en arabe,c06-fr,,inferred from the measured SERP of this cluster,SERP-ARCHETYPE,informational,explainer,"300-1,000/mo",EST,4,,winnable-now,24,,fr,new-page,,none,29,evergreen,year-round,,3,,fr,,,
page personnalisee tu me manques,c06-fr,,inferred from the measured SERP of this cluster,SERP-ARCHETYPE,transactional,product landing,under 300/mo,EST,5,,winnable-now,25,,fr,new-page,,none,10,evergreen,year-round,,,,fr,,,
ich vermisse dich spruche,c07-de,https://www.google.com/search?q=ich%20vermisse%20dich%20spruche,"google.com (US-served, WebSearch 2026-09-25)",SERP-MEASURED,informational-commercial,blog listicle,"3,000-10,000/mo",EST,4,,winnable-now,64,,de,new-page,,none,286,evergreen,year-round,,3,,de,,,"weak: studyflix off-intent, wikipedia off-intent, liebesromantik, infranken"
ich vermisse dich bilder,c07-de,,inferred from the measured SERP of this cluster,SERP-ARCHETYPE,informational,image gallery,"3,000-10,000/mo",EST,3,,winnable-now,48,,de,new-page,,none,286,evergreen,year-round,,3,,de,,,
ich vermisse dich so sehr spruche,c07-de,,inferred from the measured SERP of this cluster,SERP-ARCHETYPE,informational-commercial,blog listicle,"1,000-3,000/mo",EST,4,,winnable-now,48,,de,new-page,,none,88,evergreen,year-round,,1,,de,,,
ich vermisse dich auf italienisch,c07-de,,inferred from the measured SERP of this cluster,SERP-ARCHETYPE,informational,explainer,"300-1,000/mo",EST,4,,winnable-now,24,,de,new-page,,none,29,evergreen,year-round,,3,,de,,,
ich vermisse dich auf turkisch,c07-de,,inferred from the measured SERP of this cluster,SERP-ARCHETYPE,informational,explainer,"300-1,000/mo",EST,4,,winnable-now,24,,de,new-page,,none,29,evergreen,year-round,,3,,de,,,Turkish is Germany's largest immigrant language — genuine demand
ich vermisse dich in zahlen,c07-de,,inferred from the measured SERP of this cluster,SERP-ARCHETYPE,informational,explainer,"300-1,000/mo",EST,5,,winnable-now,30,,de,new-page,,none,43,evergreen,year-round,,3,,de,,,number-code shorthand; no strong incumbent
wie sage ich ihm dass ich ihn vermisse,c07-de,,inferred from the measured SERP of this cluster,SERP-ARCHETYPE,informational-commercial,how-to guide,"300-1,000/mo",EST,5,,winnable-now,40,,de,new-page,,none,43,evergreen,year-round,,,,de,,,
ich vermisse dich nachricht fur freundin,c07-de,,inferred from the measured SERP of this cluster,SERP-ARCHETYPE,informational-commercial,blog listicle,"300-1,000/mo",EST,4,,winnable-now,32,,de,new-page,,none,29,evergreen,year-round,,,,de,,,
vermissen spruche fur freunde,c07-de,,inferred from the measured SERP of this cluster,SERP-ARCHETYPE,informational-commercial,blog listicle,"1,000-3,000/mo",EST,4,,winnable-now,48,,de,new-page,,none,88,evergreen,year-round,,,,de,,,
ich vermisse dich seite erstellen,c07-de,,inferred from the measured SERP of this cluster,SERP-ARCHETYPE,transactional,product landing,under 300/mo,EST,5,,winnable-now,25,,de,new-page,,none,10,evergreen,year-round,,,,de,,,
frasi mi manchi amore,c08-it,https://www.google.com/search?q=frasi%20mi%20manchi%20amore,"google.com (US-served, WebSearch 2026-09-25)",SERP-MEASURED,informational-commercial,blog listicle,"3,000-10,000/mo",EST,4,,winnable-now,64,,it,new-page,,none,286,evergreen,year-round,,,,it,,,"weak: wikipedia off-intent, cartoline, dediche, frasiamorose"
mi manchi in inglese,c08-it,,inferred from the measured SERP of this cluster,SERP-ARCHETYPE,informational,explainer,"1,000-3,000/mo",EST,4,,winnable-now,36,,it,new-page,,none,88,evergreen,year-round,,4,,it,,,
mi manchi tanto frasi,c08-it,,inferred from the measured SERP of this cluster,SERP-ARCHETYPE,informational-commercial,blog listicle,"1,000-3,000/mo",EST,4,,winnable-now,48,,it,merge-into-cluster-primary,,none,88,evergreen,year-round,,1,frasi mi manchi amore,it,,,
mi manchi frasi per lui,c08-it,,inferred from the measured SERP of this cluster,SERP-ARCHETYPE,informational-commercial,blog listicle,"1,000-3,000/mo",EST,4,,winnable-now,48,,it,new-page,,none,88,evergreen,year-round,,1,,it,,,
mi manchi in spagnolo,c08-it,,inferred from the measured SERP of this cluster,SERP-ARCHETYPE,informational,explainer,"300-1,000/mo",EST,4,,winnable-now,24,,it,new-page,,none,29,evergreen,year-round,,4,,it,,,
come dire mi manchi in modo originale,c08-it,,inferred from the measured SERP of this cluster,SERP-ARCHETYPE,informational-commercial,how-to guide,"300-1,000/mo",EST,5,,winnable-now,40,,it,new-page,,none,43,evergreen,year-round,,,,it,,,
mi manchi immagini da inviare,c08-it,,inferred from the measured SERP of this cluster,SERP-ARCHETYPE,informational,image gallery,"1,000-3,000/mo",EST,3,,winnable-now,36,,it,new-page,,none,88,evergreen,year-round,,,,it,,,
pagina personalizzata mi manchi,c08-it,,inferred from the measured SERP of this cluster,SERP-ARCHETYPE,transactional,product landing,under 300/mo,EST,5,,winnable-now,25,,it,new-page,,none,10,evergreen,year-round,,,,it,,,
ik mis je quotes,c09-nl,,inferred from the measured SERP of this cluster,SERP-ARCHETYPE,informational-commercial,blog listicle,"1,000-3,000/mo",EST,4,,winnable-now,48,,nl,new-page,,none,88,evergreen,year-round,,3,,nl,,,
ik mis je gedicht,c09-nl,,inferred from the measured SERP of this cluster,SERP-ARCHETYPE,informational,blog listicle,"300-1,000/mo",EST,4,,winnable-now,24,,nl,new-page,,none,29,evergreen,year-round,,3,,nl,,,
ik mis je berichtje voor hem,c09-nl,,inferred from the measured SERP of this cluster,SERP-ARCHETYPE,informational-commercial,blog listicle,"300-1,000/mo",EST,4,,winnable-now,32,,nl,new-page,,none,29,evergreen,year-round,,,,nl,,,
ik mis je in het frans,c09-nl,,inferred from the measured SERP of this cluster,SERP-ARCHETYPE,informational,explainer,under 300/mo,EST,4,,winnable-now,12,,nl,new-page,,none,7,evergreen,year-round,,4,,nl,,,
ik mis je nu al betekenis,c09-nl,,inferred from the measured SERP of this cluster,SERP-ARCHETYPE,informational,explainer,under 300/mo,EST,4,,winnable-now,8,,nl,new-page,,none,7,evergreen,year-round,,,,nl,,,
ik mis je kaartje online sturen,c09-nl,,inferred from the measured SERP of this cluster,SERP-ARCHETYPE,transactional,product landing,under 300/mo,EST,5,,winnable-now,25,,nl,new-page,,none,10,evergreen,year-round,,,,nl,,,
tesknie za toba cytaty,c10-pl,,inferred from the measured SERP of this cluster,SERP-ARCHETYPE,informational-commercial,blog listicle,"1,000-3,000/mo",EST,4,,winnable-now,48,,pl,new-page,,none,88,evergreen,year-round,,1,,pl,,,Harlan Coben Netflix series contaminates the bare head term
tesknie za toba wierszyk,c10-pl,,inferred from the measured SERP of this cluster,SERP-ARCHETYPE,informational,blog listicle,"300-1,000/mo",EST,4,,winnable-now,24,,pl,merge-into-cluster-primary,,none,29,evergreen,year-round,,1,tesknie za toba cytaty,pl,,,
tesknie za toba sms,c10-pl,,inferred from the measured SERP of this cluster,SERP-ARCHETYPE,informational-commercial,blog listicle,"300-1,000/mo",EST,4,,winnable-now,32,,pl,merge-into-cluster-primary,,none,29,evergreen,year-round,,1,tesknie za toba cytaty,pl,,,
tesknie za toba po angielsku,c10-pl,,inferred from the measured SERP of this cluster,SERP-ARCHETYPE,informational,explainer,"300-1,000/mo",EST,4,,winnable-now,24,,pl,new-page,,none,29,evergreen,year-round,,1,,pl,,,
jak powiedziec tesknie inaczej,c10-pl,,inferred from the measured SERP of this cluster,SERP-ARCHETYPE,informational-commercial,how-to guide,under 300/mo,EST,5,,winnable-now,20,,pl,new-page,,none,10,evergreen,year-round,,,,pl,,,
ozlem sozleri,c11-tr,,inferred from the measured SERP of this cluster,SERP-ARCHETYPE,informational-commercial,blog listicle,"3,000-10,000/mo",EST,3,,winnable-now,64,,tr,new-page,,none,286,evergreen,year-round,,,,tr,,,ciceksepeti / hediyesepeti / sosyopix — gift brands hold it
seni ozledim sozleri,c11-tr,https://www.google.com/search?q=seni%20ozledim%20sozleri,"google.com (US-served, WebSearch 2026-09-25)",SERP-MEASURED,informational-commercial,blog listicle,"3,000-10,000/mo",EST,3,,winnable-now,64,,tr,new-page,,none,286,evergreen,year-round,,1,,tr,,,"weak: last.fm lyrics x2 off-intent, 1000kitap"
seni ozledim mesajina verilecek cevaplar,c11-tr,https://www.google.com/search?q=seni%20ozledim%20mesajina%20verilecek%20cevaplar,"google.com (US-served, WebSearch 2026-09-25)",SERP-MEASURED,informational-commercial,how-to guide,"1,000-3,000/mo",EST,9,,winnable-now,60,,tr,new-page,,none,132,evergreen,year-round,,,,tr,,,"weak: kizlarsoruyor x3, uludagsozluk x2, normalsozluk, exkutupsozluk, wikipedia, steamcommunity — no editorial page exists"
seni ozledim diyen erkege ne cevap verilir,c11-tr,,inferred from the measured SERP of this cluster,SERP-ARCHETYPE,informational-commercial,how-to guide,"300-1,000/mo",EST,9,,winnable-now,40,,tr,new-page,,none,43,evergreen,year-round,,,,tr,,,
seni ozledim ingilizce nasil yazilir,c11-tr,,inferred from the measured SERP of this cluster,SERP-ARCHETYPE,informational,explainer,"300-1,000/mo",EST,4,,winnable-now,24,,tr,new-page,,none,29,evergreen,year-round,,,,tr,,,
seni ozledim kurtce nasil denir,c11-tr,,inferred from the measured SERP of this cluster,SERP-ARCHETYPE,informational,explainer,"300-1,000/mo",EST,5,,winnable-now,30,,tr,new-page,,none,43,evergreen,year-round,,,,tr,,,
uzaktaki sevgiliye ozlem mesajlari,c11-tr,,inferred from the measured SERP of this cluster,SERP-ARCHETYPE,transactional,blog listicle,"1,000-3,000/mo",EST,3,,winnable-now,60,,tr,new-page,,none,88,evergreen,year-round,,,,tr,,,
ozledim demenin farkli yollari,c11-tr,,inferred from the measured SERP of this cluster,SERP-ARCHETYPE,informational-commercial,how-to guide,"300-1,000/mo",EST,5,,winnable-now,40,,tr,new-page,,none,43,evergreen,year-round,,,,tr,,,
kata kata rindu untuk pacar jauh,c12-id,https://www.google.com/search?q=kata%20kata%20rindu%20untuk%20pacar%20jauh,"google.com (US-served, WebSearch 2026-09-25)",SERP-MEASURED,informational-commercial,blog listicle,"10,000+/mo",EST,1,,hard-differentiator-only,40,,id,new-page,,none,90,evergreen,year-round,,,,id,,,"CNN Indonesia, Katadata, Kumparan, Liputan6, Merdeka, Sonora, Halodoc — only TikTok is weak"
kata kata kangen buat pacar ldr,c12-id,,inferred from the measured SERP of this cluster,SERP-ARCHETYPE,informational-commercial,blog listicle,"3,000-10,000/mo",EST,1,,hard-differentiator-only,32,,id,new-page,,none,29,evergreen,year-round,,,,id,,,
kangen kamu bahasa inggris,c12-id,,inferred from the measured SERP of this cluster,SERP-ARCHETYPE,informational,explainer,"1,000-3,000/mo",EST,4,,winnable-now,36,,id,new-page,,none,88,evergreen,year-round,,3,,id,,,
kangen kamu bahasa jawa,c12-id,,inferred from the measured SERP of this cluster,SERP-ARCHETYPE,informational,explainer,"1,000-3,000/mo",EST,4,,winnable-now,36,,id,new-page,,none,88,evergreen,year-round,,4,,id,,,
aku rindu kamu bahasa mandarin,c12-id,,inferred from the measured SERP of this cluster,SERP-ARCHETYPE,informational,explainer,"300-1,000/mo",EST,4,,winnable-now,24,,id,new-page,,none,29,evergreen,year-round,,4,,id,,,
cara bilang kangen tanpa bilang kangen,c12-id,,inferred from the measured SERP of this cluster,SERP-ARCHETYPE,informational-commercial,how-to guide,"300-1,000/mo",EST,5,,winnable-now,40,,id,new-page,,none,43,evergreen,year-round,,,,id,,,
miss kita in bisaya,c13-ph,https://www.google.com/search?q=miss%20kita%20in%20bisaya,"google.com (US-served, WebSearch 2026-09-25)",SERP-MEASURED,informational,explainer + phrasebook,"1,000-3,000/mo",EST,8,,winnable-now,45,,ph,new-page,,none,132,evergreen,year-round,,5,,ph,,,"weak: mymemory, tiktok x2, wordreference forum, wikipedia x3, wordhippo, medium"
miss kita in ilocano,c13-ph,,inferred from the measured SERP of this cluster,SERP-ARCHETYPE,informational,explainer + phrasebook,"300-1,000/mo",EST,8,,winnable-now,30,,ph,new-page,,none,43,evergreen,year-round,,3,,ph,,,
miss kita in waray,c13-ph,,inferred from the measured SERP of this cluster,SERP-ARCHETYPE,informational,explainer + phrasebook,"300-1,000/mo",EST,8,,winnable-now,30,,ph,new-page,,none,43,evergreen,year-round,,4,,ph,,,
miss kita in bicol,c13-ph,,inferred from the measured SERP of this cluster,SERP-ARCHETYPE,informational,explainer + phrasebook,"300-1,000/mo",EST,8,,winnable-now,30,,ph,new-page,,none,43,evergreen,year-round,,3,,ph,,,
miss na miss kita meaning,c13-ph,,inferred from the measured SERP of this cluster,SERP-ARCHETYPE,informational,explainer,"1,000-3,000/mo",EST,8,,winnable-now,45,,ph,new-page,,none,132,evergreen,year-round,,4,,ph,,,
i miss you in tagalog translation,c13-ph,,inferred from the measured SERP of this cluster,SERP-ARCHETYPE,informational,explainer + phrasebook,"1,000-3,000/mo",EST,6,,winnable-now,45,,ph,new-page,,none,132,evergreen,year-round,,,,ph,,,
sweet miss you message tagalog for boyfriend,c13-ph,,inferred from the measured SERP of this cluster,SERP-ARCHETYPE,transactional,blog listicle,"1,000-3,000/mo",EST,5,,winnable-now,75,,ph,new-page,,none,132,evergreen,year-round,,,,ph,,,
why is there no tagalog word for miss,c13-ph,,inferred from the measured SERP of this cluster,SERP-ARCHETYPE,informational,explainer,under 300/mo,EST,8,,winnable-now,10,,ph,new-page,,none,10,evergreen,year-round,,,,ph,,,the loanword finding: 'miss' is English in every Philippine language
skuchayu po tebe svoimi slovami,c14-ru,,inferred from the measured SERP of this cluster,SERP-ARCHETYPE,informational-commercial,blog listicle,"1,000-3,000/mo",EST,4,,winnable-now,48,,ru,new-page,,none,88,evergreen,year-round,,,,ru,,,romanised here for CSV safety; native form in shortlist.md
skuchayu po tebe sms lyubimomu,c14-ru,,inferred from the measured SERP of this cluster,SERP-ARCHETYPE,informational-commercial,blog listicle,"1,000-3,000/mo",EST,4,,winnable-now,48,,ru,new-page,,none,88,evergreen,year-round,,,,ru,,,
skuchayu po tebe ili za toboy kak pravilno,c14-ru,,inferred from the measured SERP of this cluster,SERP-ARCHETYPE,informational,explainer,"300-1,000/mo",EST,5,,winnable-now,20,,ru,new-page,,none,43,evergreen,year-round,,,,ru,,,the по/за case dispute — a real usage question
skuchayu po tebe na angliyskom,c14-ru,,inferred from the measured SERP of this cluster,SERP-ARCHETYPE,informational,explainer,"300-1,000/mo",EST,4,,winnable-now,24,,ru,new-page,,none,29,evergreen,year-round,,,,ru,,,
skuchayu po tebe v proze,c14-ru,,inferred from the measured SERP of this cluster,SERP-ARCHETYPE,informational,blog listicle,"300-1,000/mo",EST,4,,winnable-now,24,,ru,new-page,,none,29,evergreen,year-round,,,,ru,,,
aitai in english how to say,c15-asia,,inferred from the measured SERP of this cluster,SERP-ARCHETYPE,informational,explainer,"1,000-3,000/mo",EST,4,,winnable-now,36,,asia,new-page,,none,88,evergreen,year-round,,,,jp,,,"会いたい is 'I want to see you', not 'I miss you' — the language has no direct equivalent"
aitai tte iwareta toki no kaeshikata,c15-asia,,inferred from the measured SERP of this cluster,SERP-ARCHETYPE,informational-commercial,how-to guide,"300-1,000/mo",EST,5,,winnable-now,40,,asia,new-page,,none,43,evergreen,year-round,,,,jp,,,"reply intent, same shape as the Turkish winner"
bogoshipda in english meaning,c15-asia,,inferred from the measured SERP of this cluster,SERP-ARCHETYPE,informational,explainer,"1,000-3,000/mo",EST,4,,winnable-now,36,,asia,new-page,,none,88,evergreen,year-round,,,,kr,,,
bogoshipda vs bogosipeo difference,c15-asia,,inferred from the measured SERP of this cluster,SERP-ARCHETYPE,informational,explainer,"300-1,000/mo",EST,5,,winnable-now,20,,asia,new-page,,none,43,evergreen,year-round,,,,kr,,,
ishtaqtu ilayka in english,c15-asia,,inferred from the measured SERP of this cluster,SERP-ARCHETYPE,informational,explainer,"1,000-3,000/mo",EST,4,,winnable-now,36,,asia,new-page,,none,88,evergreen,year-round,,,,sa,,,Arabic harvest is thin: the script's a-z prefixes do not expand Arabic stems
how to say i miss you in arabic to a woman,c15-asia,,inferred from the measured SERP of this cluster,SERP-ARCHETYPE,informational,explainer,"300-1,000/mo",EST,5,,winnable-now,30,,asia,new-page,,none,43,evergreen,year-round,,,,sa/us,,,Arabic marks the addressee's gender — اشتقت إليكِ vs إليكَ
wo xiang ni meaning in english,c15-asia,,inferred from the measured SERP of this cluster,SERP-ARCHETYPE,informational,explainer,"300-1,000/mo",EST,4,,winnable-now,24,,asia,new-page,,none,29,evergreen,year-round,,,,cn/us,,,
miss you in vietnamese anh nho em,c15-asia,,inferred from the measured SERP of this cluster,SERP-ARCHETYPE,informational,explainer,"300-1,000/mo",EST,5,,winnable-now,30,,asia,new-page,,none,43,evergreen,year-round,,,,vn/us,,,
miss you appa quotes in tamil,c16-in,,inferred from the measured SERP of this cluster,SERP-ARCHETYPE,informational-commercial,blog listicle,"1,000-3,000/mo",EST,4,,winnable-now,48,,in,merge-into-existing,https://subhsandesh.in/blog/i-miss-you-in-tamil-words,unmeasured-live-page,88,evergreen,year-round,,5,,in,i-miss-you-in-tamil-words,,'appa' surfaced under 12 different prefixes — the strongest India signal not already built
miss you appa quotes in kannada,c16-in,,inferred from the measured SERP of this cluster,SERP-ARCHETYPE,informational-commercial,blog listicle,"1,000-3,000/mo",EST,4,,winnable-now,48,,in,new-page,,none,88,evergreen,year-round,,12,,in,,miss you appa quotes in kannada,
i miss you amma quotes in tamil,c16-in,,inferred from the measured SERP of this cluster,SERP-ARCHETYPE,informational-commercial,blog listicle,"300-1,000/mo",EST,4,,winnable-now,32,,in,merge-into-existing,https://subhsandesh.in/blog/i-miss-you-in-tamil-words,unmeasured-live-page,29,evergreen,year-round,,,,in,i-miss-you-in-tamil-words,,
i miss you in sanskrit,c16-in,,inferred from the measured SERP of this cluster,SERP-ARCHETYPE,informational,explainer,"300-1,000/mo",EST,5,,winnable-now,20,,in,new-page,,none,43,evergreen,year-round,,,,in,,,
miss you quotes in nepali,c16-in,,inferred from the measured SERP of this cluster,SERP-ARCHETYPE,informational,blog listicle,"300-1,000/mo",EST,5,,winnable-now,30,,in,new-page,,none,43,evergreen,year-round,,,,in/np,,,
miss you status in bhojpuri,c16-in,,inferred from the measured SERP of this cluster,SERP-ARCHETYPE,informational,blog listicle,under 300/mo,EST,5,,winnable-now,15,,in,new-page,,none,10,evergreen,year-round,,,,in,,,
i miss you in sinhala,c16-in,,inferred from the measured SERP of this cluster,SERP-ARCHETYPE,informational,explainer,"300-1,000/mo",EST,5,,winnable-now,30,,in,new-page,,none,43,evergreen,year-round,,,,lk,,,
i miss you in kurdish,c16-in,,inferred from the measured SERP of this cluster,SERP-ARCHETYPE,informational,explainer,"300-1,000/mo",EST,5,,winnable-now,30,,in,new-page,,none,43,evergreen,year-round,,,,tr/iq,,,
miss you shayari with english translation,c16-in,,inferred from the measured SERP of this cluster,SERP-ARCHETYPE,informational,blog listicle,"300-1,000/mo",EST,4,,winnable-now,24,,in,new-page,,none,29,evergreen,year-round,,,,in,,,
i miss you gif for him,c17-format,,inferred from the measured SERP of this cluster,SERP-ARCHETYPE,informational,image gallery,"1,000-3,000/mo",EST,4,,winnable-now,24,,format,new-page,,none,88,evergreen,year-round,,1,,us/gb,,,copy-and-leave intent — low conversion by Gate 5
i miss you meme funny,c17-format,,inferred from the measured SERP of this cluster,SERP-ARCHETYPE,informational,image gallery,"1,000-3,000/mo",EST,3,gate5-copy-and-leave,winnable-now,12,,format,merge-into-existing,https://subhsandesh.in/blog/i-miss-you-letter-generator,unmeasured-live-page,88,evergreen,year-round,,,,us/gb,i-miss-you-letter-generator,,
miss you text art copy paste,c17-format,,inferred from the measured SERP of this cluster,SERP-ARCHETYPE,informational,tool page,"300-1,000/mo",EST,4,,winnable-now,16,,format,new-page,,none,29,evergreen,year-round,,,,us/gb,,,
i miss you in morse code,c17-format,,inferred from the measured SERP of this cluster,SERP-ARCHETYPE,informational,explainer,under 300/mo,EST,5,,winnable-now,10,,format,new-page,,none,10,evergreen,year-round,,,,us/gb,,,
i miss you in sign language,c17-format,,inferred from the measured SERP of this cluster,SERP-ARCHETYPE,informational,explainer,"1,000-3,000/mo",EST,4,,winnable-now,24,,format,new-page,,none,88,evergreen,year-round,,3,,us/gb,,,
miss you number code meaning,c17-format,,inferred from the measured SERP of this cluster,SERP-ARCHETYPE,informational,explainer,"300-1,000/mo",EST,5,,winnable-now,20,,format,new-page,,none,43,evergreen,year-round,,,,us/gb,,,
i miss you website for him,c18-product,,inferred from the measured SERP of this cluster,SERP-ARCHETYPE,transactional,product landing,"300-1,000/mo",EST,5,,own-it-already,50,,product,improve-existing,https://subhsandesh.in/blog/how-to-make-an-i-miss-you-website,unmeasured-live-page,43,evergreen,year-round,,,,us/gb/in,how-to-make-an-i-miss-you-website,,live: /blog/how-to-make-an-i-miss-you-website
send i miss you card online free,c18-product,,inferred from the measured SERP of this cluster,SERP-ARCHETYPE,transactional,product landing,"300-1,000/mo",EST,4,,own-it-already,40,,product,improve-existing,https://subhsandesh.in/blog/send-i-miss-you-card-online,unmeasured-live-page,29,evergreen,year-round,,,,us/gb/in,send-i-miss-you-card-online,,"live: /blog/send-i-miss-you-card-online; SERP held by sendwishonline, groupgreeting"
i miss you page maker with photo,c18-product,,inferred from the measured SERP of this cluster,SERP-ARCHETYPE,transactional,product landing,under 300/mo,EST,5,,own-it-already,25,,product,improve-existing,https://subhsandesh.in/blog/i-miss-you-page-maker-for-her,unmeasured-live-page,10,evergreen,year-round,,,,us/gb/in,i-miss-you-page-maker-for-her,,live: /blog/i-miss-you-page-maker-for-her
miss you video maker with music,c18-product,,inferred from the measured SERP of this cluster,SERP-ARCHETYPE,transactional,product landing,"300-1,000/mo",EST,4,,own-it-already,40,,product,improve-existing,https://subhsandesh.in/blog/miss-you-video-maker-with-photos,unmeasured-live-page,29,evergreen,year-round,,,,us/gb/in,miss-you-video-maker-with-photos,,live: /blog/miss-you-video-maker-with-photos
we will miss you card template for colleague,c18-product,https://www.google.com/search?q=we%20will%20miss%20you%20card%20template%20for%20colleague,"google.com (US-served, WebSearch 2026-09-25)",SERP-MEASURED,informational,blog listicle,"3,000-10,000/mo",EST,0,gate4-zero-weak-results,do-not-attempt,12,,product,skip,,none,0,evergreen,year-round,,,,us/gb,,,"greetpool, groupgreeting, groupcards.app, ecardforest, canva, adobe — zero weak results"
