miss you long distance relationship	1	8	7	FORUM~~monlivresms.com~~themilitarywifeandmom.com~~pinterest.com~~adobe.com~~theknot.com~~en.lovebox.love~~members.lovingfromadistance.com
miss you long distance relationship quotes	1	9	9	themilitarywifeandmom.com~~pinterest.com~~yahoo.com~~theknot.com~~adobe.com~~wezoree.com~~scribd.com~~today.com~~marriage.com
miss you long distance relationship quotes in hindi	0	11	11	pinterest.com~~adhoorealfaaz.com~~luvshayri.com~~weddingwire.in~~weddingwire.in~~shayariam.in~~newshayarii.com~~loveshayariyan.in~~pinterest.com~~familystatus.in~~familystatus.in
miss you long distance relationship captions for instagram	1	9	9	wikihow.com~~pinterest.com~~pinterest.com~~yahoo.com~~flick.social~~today.com~~captionnesty.com~~socialself.com~~pinterest.com
miss you long distance relationship status	1	8	7	themilitarywifeandmom.com~~pinterest.com~~yahoo.com~~pinterest.com~~monlivresms.com~~scribd.com~~today.com~~FORUM
what to do when you miss your girlfriend long distance	1	9	6	FORUM~~FORUM~~en.lovebox.love~~wikihow.com~~markmanson.net~~healthline.com~~everydayhealth.com~~psyche.co~~FORUM
what to do when you miss your girlfriend	1	9	7	FORUM~~wikihow.com~~FORUM~~healthline.com~~en.lovebox.love~~lovingfromadistance.com~~everydayhealth.com~~textweapon.com~~verywellmind.com
what to do when you miss your boyfriend long distance	1	9	5	FORUM~~FORUM~~FORUM~~markmanson.net~~wikihow.com~~psyche.co~~healthline.com~~FORUM~~humantouchonline.com
what to do when you miss your boyfriend	1	9	5	FORUM~~harpersbazaar.in~~FORUM~~natashaadamo.com~~FORUM~~healthline.com~~FORUM~~everydayhealth.com~~wikihow.com
what to send someone you miss	1	8	8	fnp.com~~oyegifts.com~~pinterest.com~~buzzfeed.com~~happyribbon.in~~pinterest.com~~theknot.com~~amazon.in
what can i say other than i miss you	1	8	4	languagetool.org~~englishgrammar.org~~wikihow.com~~FORUM~~FORUM~~wordhippo.com~~FORUM~~FORUM
creative ways to say i miss you	1	8	6	FORUM~~languagetool.org~~theknot.com~~englishgrammar.org~~wikihow.com~~pinterest.com~~discover.hubpages.com~~FORUM
cute ways to say i miss you	1	8	7	theknot.com~~subhsandesh.in~~pinterest.com~~lovenspa.fr~~wikihow.com~~womansday.com~~discover.hubpages.com~~FORUM
how to tell someone you miss them	1	9	6	FORUM~~theknot.com~~FORUM~~FORUM~~wikihow.com~~romper.com~~subhsandesh.in~~pinterest.com~~timesofindia.indiatimes.com
miss you gifts for boyfriend	1	8	8	fnp.com~~amazon.in~~oyegifts.com~~pinterest.com~~pinterest.com~~endlessdistances.com~~amazon.in~~giftacrossindia.com
miss you gifts for girlfriend	1	8	8	fnp.com~~amazon.in~~oyegifts.com~~pinterest.com~~flipkart.com~~pinterest.com~~amazon.in~~phoolwala.com
miss you gifts for husband	1	8	8	fnp.com~~oyegifts.com~~amazon.in~~pinterest.com~~sendbestgift.com~~endlessdistances.com~~giftcart.com~~pinterest.com
miss you gifts for wife	1	8	8	fnp.com~~amazon.in~~oyegifts.com~~theknot.com~~pinterest.com~~giftacrossindia.com~~sendbestgift.com~~endlessdistances.com
miss you gifts for best friend	1	8	8	amazon.in~~fnp.com~~pinterest.com~~oyegifts.com~~pinterest.com~~amazon.in~~giftcart.com~~katieloxton.com
miss you gift ideas	1	8	8	fnp.com~~amazon.in~~oyegifts.com~~pinterest.com~~amazon.in~~katieloxton.com~~onlinedelivery.in~~geeklane.in
miss you gifts online india	1	9	9	fnp.com~~amazon.in~~oyegifts.com~~giftcart.com~~sendbestgift.com~~geeklane.in~~apsgifts.com~~thegiftstudio.com~~mumbaionlineflorists.com
miss you card ideas	0	8	5	pinterest.com~~greetingsisland.com~~VIDEO~~pinterest.com~~VIDEO~~pinterest.com~~adobe.com~~VIDEO
miss you card ideas for friends	1	7	7	pinterest.com~~pinterest.com~~altenew.com~~amazon.in~~pinterest.com~~greetingsisland.com~~etsy.com
miss you card ideas for kids	0	9	5	pinterest.com~~pinterest.com~~VIDEO~~VIDEO~~pinterest.com~~pinterest.com~~VIDEO~~greetingsisland.com~~VIDEO
open when you miss me ideas	1	8	8	pinterest.com~~wattpad.com~~openwhen.cards~~tumblr.com~~pinterest.com~~lastingthedistance.com~~berries.com~~ifonlyapril.com
open when you miss me ideas for him	1	9	9	pinterest.com~~wattpad.com~~openwhen.cards~~ifonlyapril.com~~pinterest.com~~berries.com~~tumblr.com~~lastingthedistance.com~~my-open-when.tumblr.com
miss you ideas for boyfriend	0	9	9	theknot.com~~pinterest.com~~fnp.com~~womansday.com~~pinterest.com~~southernliving.com~~marriage.com~~oyegifts.com~~endlessdistances.com
miss you ideas for girlfriend	1	9	8	theknot.com~~pinterest.com~~fnp.com~~womansday.com~~PINIDEAS~~southernliving.com~~oyegifts.com~~wikihow.com~~subhsandesh.in
miss you surprise for boyfriend	1	9	9	fnp.com~~oyegifts.com~~pinterest.com~~pinterest.com~~bookthesurprise.com~~subhsandesh.in~~buildnectic.com~~amazon.in~~pinterest.com
miss you surprise for girlfriend	1	10	9	fnp.com~~oyegifts.com~~subhsandesh.in~~pinterest.com~~buildnectic.com~~oyehappy.com~~FORUM~~theknot.com~~pinterest.com~~amazon.in
i miss you letter for gf	1	8	7	MEDIUM~~pinterest.com~~theknot.com~~1001loveletters.com~~wikihow.com~~southernliving.com~~subhsandesh.in~~americangreetings.com
i miss you letter for boyfriend	1	8	7	MEDIUM~~wattpad.com~~lovetoknow.com~~1001loveletters.com~~pinterest.com~~marriage.com~~thoughtcatalog.com~~theknot.com
i miss you online message	1	8	8	theknot.com~~cardsnacks.com~~123greetings.com~~pinterest.com~~sendwishonline.com~~fnp.com~~textyourlove.com~~subhsandesh.in
i miss you page for boyfriend	0	8	7	pinterest.com~~lovelydesign.in~~womansday.com~~subhsandesh.in~~pinterest.com~~southernliving.com~~UNPARSED~~wikihow.com
i miss you website for girlfriend	1	8	8	subhsandesh.in~~lovelydesign.in~~yourlovepage.com~~subhsandesh.in~~cardsnacks.com~~justmeantforyou.com~~123greetings.com~~2-luv.com
miss you video for boyfriend	1	8	4	pinterest.com~~VIDEO~~VIDEO~~shutterstock.com~~pinterest.com~~pinterest.com~~VIDEO~~VIDEO
miss you gf captions for instagram	1	8	7	pinterest.com~~womansday.com~~theknot.com~~myflowertree.com~~flick.social~~countryliving.com~~PINIDEAS~~yourtango.com
miss you boyfriend captions for instagram	1	9	9	pinterest.com~~theknot.com~~flick.social~~womansday.com~~lovetales.ai~~pinterest.com~~goodhousekeeping.com~~countryliving.com~~marriage.com
miss you story ideas for instagram	1	8	7	pinterest.com~~pinterest.com~~instagram.com~~flick.social~~adobe.com~~iqhashtags.com~~PINIDEAS~~countryliving.com
miss you messages for gf	1	9	8	theknot.com~~southernliving.com~~UNPARSED~~subhsandesh.in~~textyourlove.com~~goodhousekeeping.com~~womansday.com~~goodluckcraft.co.uk~~lovelydesign.in
miss you message for boyfriend	1	8	8	southernliving.com~~theknot.com~~subhsandesh.in~~pinterest.com~~goodhousekeeping.com~~en.lovebox.love~~textyourlove.com~~wikihow.com
miss you quotes in hindi	0	9	8	sheroes.com~~roohshayari.com~~craftoapp.com~~pinterest.com~~hindixshayari.in~~PINIDEAS~~moodoffshayari.com~~herzindagi.com~~hubshayari.com
miss you shayari for girlfriend	0	10	10	pinterest.com~~hindixshayari.in~~aloneloveshayari.com~~evershayari.in~~evershayari.in~~roohshayari.com~~lovelydesign.in~~uncoverpoetry.com~~hubshayari.com~~shayriinhindi.com
miss you status for boyfriend	1	9	8	pinterest.com~~theknot.com~~womansday.com~~southernliving.com~~lovetales.ai~~countryliving.com~~marriage.com~~en.lovebox.love~~UNPARSED
miss you status for girlfriend	1	8	7	theknot.com~~womansday.com~~pinterest.com~~countryliving.com~~myflowertree.com~~southernliving.com~~UNPARSED~~hitched.co.uk
miss you message for best friend	1	9	9	womansday.com~~lovelydesign.in~~pinterest.com~~sendwishonline.com~~pinterest.com~~socialself.com~~adobe.com~~wishesmsg.com~~1800flowers.com
miss you quotes for best friend	1	9	9	womansday.com~~pinterest.com~~socialself.com~~countryliving.com~~picsy.in~~adobe.com~~pinterest.com~~hutsandlooms.com~~lovetoknow.com
i miss you in hindi	1	7	6	UNPARSED~~wordhippo.com~~memrise.com~~hindixshayari.in~~glosbe.com~~sheroes.com~~roohshayari.com
miss you quotes for instagram story	1	9	9	pinterest.com~~flick.social~~womansday.com~~pinterest.com~~lovelydesign.in~~countryliving.com~~myflowertree.com~~instagirlsbio.com~~beacons.ai
miss you long distance relationship shayari in hindi	1	9	9	adhoorealfaaz.com~~pinterest.com~~shayaritoyou.com~~shayaritoyou.com~~loveshayariyan.in~~luvshayri.com~~totalshayari.com~~newshayarii.com~~pinterest.com
miss you long distance relationship quotes in tamil	1	8	7	alltamilquotes.com~~pinterest.com~~kavithai.blog~~kavithaiq.com~~lovetales.ai~~pinterest.com~~tamildhesam.com~~UNPARSED
miss you long distance shayari	1	9	9	pinterest.com~~adhoorealfaaz.com~~shayarilekh.com~~newshayarii.com~~shayaritoyou.com~~shayaritoyou.com~~luvshayri.com~~loveshayariyan.in~~attitudeshayari1.in
miss you long distance love quotes	1	9	9	themilitarywifeandmom.com~~pinterest.com~~yahoo.com~~monlivresms.com~~pinterest.com~~womansday.com~~today.com~~wikihow.com~~en.lovebox.love
miss you long distance friendship quotes	1	9	9	socialself.com~~yahoo.com~~pinterest.com~~fortuneandframe.com~~adobe.com~~themilitarywifeandmom.com~~lovetoknow.com~~healingharmonycounseling.com~~picsy.in
miss you quotes in kannada	1	11	11	marriage.com~~marriage.com~~pinterest.com~~shayarfeed.com~~instagram.com~~countryliving.com~~countryliving.com~~legenddetails.blogspot.com~~legenddetails.blogspot.com~~subhsandesh.in~~kannada.timesnownews.com
miss you gf shayari in hindi	0	10	10	educationaddawithdileep.in~~hindixshayari.in~~pinterest.com~~evershayari.in~~evershayari.in~~shayarikhajana.com~~moodoffshayari.com~~roohshayari.com~~hubshayari.com~~aloneloveshayari.com
miss you gf quotes in hindi	0	10	10	sheroes.com~~pinterest.com~~lovesove14.rssing.com~~roohshayari.com~~herzindagi.com~~hindixshayari.in~~marriage.com~~marriage.com~~shayarikhajana.com~~dardquotes.com
miss you boyfriend quotes in marathi	1	9	9	marathiwrite.com~~marathiq.com~~mywordshindi.com~~marathi.pratilipi.com~~marathilovers.net~~pinterest.com~~marathishayaritext.com~~happymarathi.com~~craftoapp.com
miss you status in hindi	0	9	9	roohshayari.com~~hindixshayari.in~~pinterest.com~~moodoffshayari.com~~a1sadshayari.com~~loyalshayari.com~~feelshayari.com~~educationaddawithdileep.com~~craftoapp.com
