keyword,cluster_id,source_url,source_domain,evidence_type,intent,page_type_required,est_volume,volume_source,weakness_count,gate_failed,bucket,priority_score,ranking_urls,category,action,own_url,own_position,expected_clicks,trend,peak_window,publish_by,demand_rank,requested_tier,conversion_fit,live_overlap,nearest_live
propose day quotes,C02,AUTOCOMPLETE,google-suggest-in,SERP-ARCHETYPE+AUTOCOMPLETE,informational,blog,10000+,EST,6,,medium,50,https://www.giftalove.com/quotes/propose-day|https://www.pinterest.com/ideas/propose-day-messages/929827340719/|https://www.wineandchampagnegifts.com/blog/propose-day-wishes/,propose day wishes & quotes — English,new-page,,none,360,seasonal,2027-02-01..2027-02-14,2026-11-16,14,T1,low — job ends by copying text,0.00,
propose day wishes,C02,AUTOCOMPLETE,google-suggest-in,SERP-ARCHETYPE+AUTOCOMPLETE,informational,blog,10000+,EST,6,,medium,50,https://www.giftalove.com/quotes/propose-day|https://www.pinterest.com/ideas/propose-day-messages/929827340719/|https://www.wineandchampagnegifts.com/blog/propose-day-wishes/,propose day wishes & quotes — English,new-page,,none,360,seasonal,2027-02-01..2027-02-14,2026-11-16,10,T1,low — job ends by copying text,0.00,
propose day wishes for girlfriend,C02,SERP:propose day wishes for girlfriend,firecrawl-india-serp,SERP-MEASURED,informational,blog,3000-10000,EST,6,,medium,40,https://www.giftalove.com/quotes/propose-day|https://www.pinterest.com/ideas/propose-day-messages/929827340719/|https://www.wineandchampagnegifts.com/blog/propose-day-wishes/,propose day wishes & quotes — English,new-page,,none,120,seasonal,2027-02-01..2027-02-14,2026-11-16,6,T1,low — job ends by copying text,0.00,
propose day quotes for girlfriend,C02,AUTOCOMPLETE,google-suggest-in,SERP-ARCHETYPE+AUTOCOMPLETE,informational,blog,3000-10000,EST,6,,medium,40,https://www.giftalove.com/quotes/propose-day|https://www.pinterest.com/ideas/propose-day-messages/929827340719/|https://www.wineandchampagnegifts.com/blog/propose-day-wishes/,propose day wishes & quotes — English,new-page,,none,120,seasonal,2027-02-01..2027-02-14,2026-11-16,6,T1,low — job ends by copying text,0.00,
propose day wishes for boyfriend,C02,AUTOCOMPLETE,google-suggest-in,SERP-ARCHETYPE+AUTOCOMPLETE,informational,blog,3000-10000,EST,6,,medium,40,https://www.giftalove.com/quotes/propose-day|https://www.pinterest.com/ideas/propose-day-messages/929827340719/|https://www.wineandchampagnegifts.com/blog/propose-day-wishes/,propose day wishes & quotes — English,new-page,,none,120,seasonal,2027-02-01..2027-02-14,2026-11-16,7,T1,low — job ends by copying text,0.00,
propose day quotes for love,C02,AUTOCOMPLETE,google-suggest-in,SERP-ARCHETYPE+AUTOCOMPLETE,informational,blog,3000-10000,EST,6,,medium,40,https://www.giftalove.com/quotes/propose-day|https://www.pinterest.com/ideas/propose-day-messages/929827340719/|https://www.wineandchampagnegifts.com/blog/propose-day-wishes/,propose day wishes & quotes — English,new-page,,none,120,seasonal,2027-02-01..2027-02-14,2026-11-16,8,T1,low — job ends by copying text,0.00,
propose day special wishes,C02,AUTOCOMPLETE,google-suggest-in,SERP-ARCHETYPE+AUTOCOMPLETE,informational,blog,1000-3000,EST,6,,medium,30,https://www.giftalove.com/quotes/propose-day|https://www.pinterest.com/ideas/propose-day-messages/929827340719/|https://www.wineandchampagnegifts.com/blog/propose-day-wishes/,propose day wishes & quotes — English,new-page,,none,36,seasonal,2027-02-01..2027-02-14,2026-11-16,8,T1,low — job ends by copying text,0.00,
propose day wishes for wife,C02,AUTOCOMPLETE,google-suggest-in,SERP-ARCHETYPE+AUTOCOMPLETE,informational,blog,1000-3000,EST,6,,medium,30,https://www.giftalove.com/quotes/propose-day|https://www.pinterest.com/ideas/propose-day-messages/929827340719/|https://www.wineandchampagnegifts.com/blog/propose-day-wishes/,propose day wishes & quotes — English,new-page,,none,36,seasonal,2027-02-01..2027-02-14,2026-11-16,7,T1,low — job ends by copying text,0.00,
propose day quotes for wife,C02,AUTOCOMPLETE,google-suggest-in,SERP-ARCHETYPE+AUTOCOMPLETE,informational,blog,1000-3000,EST,6,,medium,30,https://www.giftalove.com/quotes/propose-day|https://www.pinterest.com/ideas/propose-day-messages/929827340719/|https://www.wineandchampagnegifts.com/blog/propose-day-wishes/,propose day wishes & quotes — English,new-page,,none,36,seasonal,2027-02-01..2027-02-14,2026-11-16,6,T1,low — job ends by copying text,0.00,
propose day quotes for husband,C02,AUTOCOMPLETE,google-suggest-in,SERP-ARCHETYPE+AUTOCOMPLETE,informational,blog,1000-3000,EST,6,,medium,30,https://www.giftalove.com/quotes/propose-day|https://www.pinterest.com/ideas/propose-day-messages/929827340719/|https://www.wineandchampagnegifts.com/blog/propose-day-wishes/,propose day wishes & quotes — English,new-page,,none,36,seasonal,2027-02-01..2027-02-14,2026-11-16,6,T1,low — job ends by copying text,0.00,
propose day wishes for husband,C02,AUTOCOMPLETE,google-suggest-in,SERP-ARCHETYPE+AUTOCOMPLETE,informational,blog,1000-3000,EST,6,,medium,30,https://www.giftalove.com/quotes/propose-day|https://www.pinterest.com/ideas/propose-day-messages/929827340719/|https://www.wineandchampagnegifts.com/blog/propose-day-wishes/,propose day wishes & quotes — English,new-page,,none,36,seasonal,2027-02-01..2027-02-14,2026-11-16,6,T1,low — job ends by copying text,0.00,
propose day wishes for love,C02,AUTOCOMPLETE,google-suggest-in,SERP-ARCHETYPE+AUTOCOMPLETE,informational,blog,1000-3000,EST,6,,medium,30,https://www.giftalove.com/quotes/propose-day|https://www.pinterest.com/ideas/propose-day-messages/929827340719/|https://www.wineandchampagnegifts.com/blog/propose-day-wishes/,propose day wishes & quotes — English,new-page,,none,36,seasonal,2027-02-01..2027-02-14,2026-11-16,6,T1,low — job ends by copying text,0.00,
propose day quotes for boyfriend,C02,AUTOCOMPLETE,google-suggest-in,SERP-ARCHETYPE+AUTOCOMPLETE,informational,blog,1000-3000,EST,6,,medium,30,https://www.giftalove.com/quotes/propose-day|https://www.pinterest.com/ideas/propose-day-messages/929827340719/|https://www.wineandchampagnegifts.com/blog/propose-day-wishes/,propose day wishes & quotes — English,new-page,,none,36,seasonal,2027-02-01..2027-02-14,2026-11-16,6,T1,low — job ends by copying text,0.00,
propose day wishes for friends,C02,AUTOCOMPLETE,google-suggest-in,SERP-ARCHETYPE+AUTOCOMPLETE,informational,blog,1000-3000,EST,6,,medium,30,https://www.giftalove.com/quotes/propose-day|https://www.pinterest.com/ideas/propose-day-messages/929827340719/|https://www.wineandchampagnegifts.com/blog/propose-day-wishes/,propose day wishes & quotes — English,new-page,,none,36,seasonal,2027-02-01..2027-02-14,2026-11-16,7,T1,low — job ends by copying text,0.00,
propose day wishes for best friend,C02,AUTOCOMPLETE,google-suggest-in,SERP-ARCHETYPE+AUTOCOMPLETE,informational,blog,300-1000,EST,6,,medium,20,https://www.giftalove.com/quotes/propose-day|https://www.pinterest.com/ideas/propose-day-messages/929827340719/|https://www.wineandchampagnegifts.com/blog/propose-day-wishes/,propose day wishes & quotes — English,new-page,,none,12,seasonal,2027-02-01..2027-02-14,2026-11-16,6,T1,low — job ends by copying text,0.00,
propose day best wishes,C02,AUTOCOMPLETE,google-suggest-in,SERP-ARCHETYPE+AUTOCOMPLETE,informational,blog,1000-3000,EST,6,,medium,30,https://www.giftalove.com/quotes/propose-day|https://www.pinterest.com/ideas/propose-day-messages/929827340719/|https://www.wineandchampagnegifts.com/blog/propose-day-wishes/,propose day wishes & quotes — English,new-page,,none,36,seasonal,2027-02-01..2027-02-14,2026-11-16,5,T1,low — job ends by copying text,0.00,
propose day best quotes,C02,AUTOCOMPLETE,google-suggest-in,SERP-ARCHETYPE+AUTOCOMPLETE,informational,blog,1000-3000,EST,6,,medium,30,https://www.giftalove.com/quotes/propose-day|https://www.pinterest.com/ideas/propose-day-messages/929827340719/|https://www.wineandchampagnegifts.com/blog/propose-day-wishes/,propose day wishes & quotes — English,new-page,,none,36,seasonal,2027-02-01..2027-02-14,2026-11-16,5,T1,low — job ends by copying text,0.00,
propose day date,C02,AUTOCOMPLETE,google-suggest-in,SERP-ARCHETYPE+AUTOCOMPLETE,informational,blog,3000-10000,EST,6,,medium,40,https://www.giftalove.com/quotes/propose-day|https://www.pinterest.com/ideas/propose-day-messages/929827340719/|https://www.wineandchampagnegifts.com/blog/propose-day-wishes/,propose day wishes & quotes — English,new-page,,none,120,seasonal,2027-02-01..2027-02-14,2026-11-16,5,T1,low — job ends by copying text,0.00,
propose day 2027,C02,AUTOCOMPLETE,google-suggest-in,SERP-ARCHETYPE+AUTOCOMPLETE,informational,blog,3000-10000,EST,6,,medium,40,https://www.giftalove.com/quotes/propose-day|https://www.pinterest.com/ideas/propose-day-messages/929827340719/|https://www.wineandchampagnegifts.com/blog/propose-day-wishes/,propose day wishes & quotes — English,new-page,,none,120,seasonal,2027-02-01..2027-02-14,2026-11-16,7,T1,low — job ends by copying text,0.00,
propose day wishes with name,C06,AUTOCOMPLETE,google-suggest-in,SERP-ARCHETYPE+AUTOCOMPLETE,transactional,tool,1000-3000,EST,8,,winnable,75,https://bemyval.co/|https://www.yourlovepage.online/proposal-website|https://www.tiktok.com/discover/will-you-be-my-girlfriend-website-proposal,virtual / online / digital propose (our mechanic + occasion),new-page,,none,130,seasonal,2027-02-01..2027-02-14,2026-11-16,7,T1,high — the link IS the answer,0.00,
propose day quotes with name,C06,AUTOCOMPLETE,google-suggest-in,SERP-ARCHETYPE+AUTOCOMPLETE,transactional,tool,1000-3000,EST,8,,winnable,75,https://bemyval.co/|https://www.yourlovepage.online/proposal-website|https://www.tiktok.com/discover/will-you-be-my-girlfriend-website-proposal,virtual / online / digital propose (our mechanic + occasion),new-page,,none,130,seasonal,2027-02-01..2027-02-14,2026-11-16,6,T1,high — the link IS the answer,0.00,
propose day wishes with emoji,C02,AUTOCOMPLETE,google-suggest-in,SERP-ARCHETYPE+AUTOCOMPLETE,informational,blog,1000-3000,EST,6,,medium,30,https://www.giftalove.com/quotes/propose-day|https://www.pinterest.com/ideas/propose-day-messages/929827340719/|https://www.wineandchampagnegifts.com/blog/propose-day-wishes/,propose day wishes & quotes — English,new-page,,none,36,seasonal,2027-02-01..2027-02-14,2026-11-16,8,T1,low — job ends by copying text,0.00,
propose day quotes in hindi,C03,AUTOCOMPLETE,google-suggest-in,SERP-ARCHETYPE+AUTOCOMPLETE,informational,blog,3000-10000,EST,5,,medium,40,https://www.mensxp.com/marathi/latest/trending/128772-happy-propose-day-wishes-messages-and-quotes-in-marathi.html|https://www.pinterest.com/ideas/propose-day-quotes-in-marathi/920430400406/|https://maharashtratimes.com/lifestyle-news/relationships/happy-propose-day-2026-wishes-in-marathi-quotes-shayri-shubhechcha-whatsapp-facebook-instagram-status-messages-for-girlfriend-boyfriend/articleshow/128029916.cms,propose day wishes & quotes — Indian languages,new-page,,none,120,seasonal,2027-02-01..2027-02-14,2026-11-16,7,T1,low — job ends by copying text,0.00,
propose day wishes in hindi,C03,AUTOCOMPLETE,google-suggest-in,SERP-ARCHETYPE+AUTOCOMPLETE,informational,blog,3000-10000,EST,5,,medium,40,https://www.mensxp.com/marathi/latest/trending/128772-happy-propose-day-wishes-messages-and-quotes-in-marathi.html|https://www.pinterest.com/ideas/propose-day-quotes-in-marathi/920430400406/|https://maharashtratimes.com/lifestyle-news/relationships/happy-propose-day-2026-wishes-in-marathi-quotes-shayri-shubhechcha-whatsapp-facebook-instagram-status-messages-for-girlfriend-boyfriend/articleshow/128029916.cms,propose day wishes & quotes — Indian languages,new-page,,none,120,seasonal,2027-02-01..2027-02-14,2026-11-16,5,T1,low — job ends by copying text,0.00,
propose day quotes in marathi,C03,SERP:propose day quotes in marathi,firecrawl-india-serp,SERP-MEASURED,informational,blog,3000-10000,EST,5,,medium,40,https://www.mensxp.com/marathi/latest/trending/128772-happy-propose-day-wishes-messages-and-quotes-in-marathi.html|https://www.pinterest.com/ideas/propose-day-quotes-in-marathi/920430400406/|https://maharashtratimes.com/lifestyle-news/relationships/happy-propose-day-2026-wishes-in-marathi-quotes-shayri-shubhechcha-whatsapp-facebook-instagram-status-messages-for-girlfriend-boyfriend/articleshow/128029916.cms,propose day wishes & quotes — Indian languages,new-page,,none,120,seasonal,2027-02-01..2027-02-14,2026-11-16,8,T1,low — job ends by copying text,0.00,
propose day wishes in marathi,C03,AUTOCOMPLETE,google-suggest-in,SERP-ARCHETYPE+AUTOCOMPLETE,informational,blog,1000-3000,EST,5,,medium,30,https://www.mensxp.com/marathi/latest/trending/128772-happy-propose-day-wishes-messages-and-quotes-in-marathi.html|https://www.pinterest.com/ideas/propose-day-quotes-in-marathi/920430400406/|https://maharashtratimes.com/lifestyle-news/relationships/happy-propose-day-2026-wishes-in-marathi-quotes-shayri-shubhechcha-whatsapp-facebook-instagram-status-messages-for-girlfriend-boyfriend/articleshow/128029916.cms,propose day wishes & quotes — Indian languages,new-page,,none,36,seasonal,2027-02-01..2027-02-14,2026-11-16,5,T1,low — job ends by copying text,0.00,
propose day quotes in bengali,C03,AUTOCOMPLETE,google-suggest-in,SERP-ARCHETYPE+AUTOCOMPLETE,informational,blog,1000-3000,EST,5,,medium,30,https://www.mensxp.com/marathi/latest/trending/128772-happy-propose-day-wishes-messages-and-quotes-in-marathi.html|https://www.pinterest.com/ideas/propose-day-quotes-in-marathi/920430400406/|https://maharashtratimes.com/lifestyle-news/relationships/happy-propose-day-2026-wishes-in-marathi-quotes-shayri-shubhechcha-whatsapp-facebook-instagram-status-messages-for-girlfriend-boyfriend/articleshow/128029916.cms,propose day wishes & quotes — Indian languages,new-page,,none,36,seasonal,2027-02-01..2027-02-14,2026-11-16,8,T1,low — job ends by copying text,0.00,
propose day wishes for girlfriend bangla,C03,AUTOCOMPLETE,google-suggest-in,SERP-ARCHETYPE+AUTOCOMPLETE,informational,blog,1000-3000,EST,5,,medium,30,https://www.mensxp.com/marathi/latest/trending/128772-happy-propose-day-wishes-messages-and-quotes-in-marathi.html|https://www.pinterest.com/ideas/propose-day-quotes-in-marathi/920430400406/|https://maharashtratimes.com/lifestyle-news/relationships/happy-propose-day-2026-wishes-in-marathi-quotes-shayri-shubhechcha-whatsapp-facebook-instagram-status-messages-for-girlfriend-boyfriend/articleshow/128029916.cms,propose day wishes & quotes — Indian languages,new-page,,none,36,seasonal,2027-02-01..2027-02-14,2026-11-16,8,T1,low — job ends by copying text,0.00,
propose day wishes bangla,C03,AUTOCOMPLETE,google-suggest-in,SERP-ARCHETYPE+AUTOCOMPLETE,informational,blog,1000-3000,EST,5,,medium,30,https://www.mensxp.com/marathi/latest/trending/128772-happy-propose-day-wishes-messages-and-quotes-in-marathi.html|https://www.pinterest.com/ideas/propose-day-quotes-in-marathi/920430400406/|https://maharashtratimes.com/lifestyle-news/relationships/happy-propose-day-2026-wishes-in-marathi-quotes-shayri-shubhechcha-whatsapp-facebook-instagram-status-messages-for-girlfriend-boyfriend/articleshow/128029916.cms,propose day wishes & quotes — Indian languages,new-page,,none,36,seasonal,2027-02-01..2027-02-14,2026-11-16,5,T1,low — job ends by copying text,0.00,
propose day quotes in kannada,C03,AUTOCOMPLETE,google-suggest-in,SERP-ARCHETYPE+AUTOCOMPLETE,informational,blog,1000-3000,EST,5,,medium,30,https://www.mensxp.com/marathi/latest/trending/128772-happy-propose-day-wishes-messages-and-quotes-in-marathi.html|https://www.pinterest.com/ideas/propose-day-quotes-in-marathi/920430400406/|https://maharashtratimes.com/lifestyle-news/relationships/happy-propose-day-2026-wishes-in-marathi-quotes-shayri-shubhechcha-whatsapp-facebook-instagram-status-messages-for-girlfriend-boyfriend/articleshow/128029916.cms,propose day wishes & quotes — Indian languages,new-page,,none,36,seasonal,2027-02-01..2027-02-14,2026-11-16,7,T1,low — job ends by copying text,0.00,
propose day quotes malayalam,C03,AUTOCOMPLETE,google-suggest-in,SERP-ARCHETYPE+AUTOCOMPLETE,informational,blog,1000-3000,EST,5,,medium,30,https://www.mensxp.com/marathi/latest/trending/128772-happy-propose-day-wishes-messages-and-quotes-in-marathi.html|https://www.pinterest.com/ideas/propose-day-quotes-in-marathi/920430400406/|https://maharashtratimes.com/lifestyle-news/relationships/happy-propose-day-2026-wishes-in-marathi-quotes-shayri-shubhechcha-whatsapp-facebook-instagram-status-messages-for-girlfriend-boyfriend/articleshow/128029916.cms,propose day wishes & quotes — Indian languages,new-page,,none,36,seasonal,2027-02-01..2027-02-14,2026-11-16,6,T1,low — job ends by copying text,0.00,
propose day quotes telugu,C03,AUTOCOMPLETE,google-suggest-in,SERP-ARCHETYPE+AUTOCOMPLETE,informational,blog,1000-3000,EST,5,,medium,30,https://www.mensxp.com/marathi/latest/trending/128772-happy-propose-day-wishes-messages-and-quotes-in-marathi.html|https://www.pinterest.com/ideas/propose-day-quotes-in-marathi/920430400406/|https://maharashtratimes.com/lifestyle-news/relationships/happy-propose-day-2026-wishes-in-marathi-quotes-shayri-shubhechcha-whatsapp-facebook-instagram-status-messages-for-girlfriend-boyfriend/articleshow/128029916.cms,propose day wishes & quotes — Indian languages,new-page,,none,36,seasonal,2027-02-01..2027-02-14,2026-11-16,5,T1,low — job ends by copying text,0.00,
propose girlfriend in hindi,C03,AUTOCOMPLETE,google-suggest-in,SERP-ARCHETYPE+AUTOCOMPLETE,informational,blog,3000-10000,EST,5,,medium,40,https://www.mensxp.com/marathi/latest/trending/128772-happy-propose-day-wishes-messages-and-quotes-in-marathi.html|https://www.pinterest.com/ideas/propose-day-quotes-in-marathi/920430400406/|https://maharashtratimes.com/lifestyle-news/relationships/happy-propose-day-2026-wishes-in-marathi-quotes-shayri-shubhechcha-whatsapp-facebook-instagram-status-messages-for-girlfriend-boyfriend/articleshow/128029916.cms,propose day wishes & quotes — Indian languages,new-page,,none,120,stable,,,11,T1,low — job ends by copying text,0.00,
propose message in hindi,C03,AUTOCOMPLETE,google-suggest-in,SERP-ARCHETYPE+AUTOCOMPLETE,informational,blog,1000-3000,EST,6,,medium,30,https://www.chococraft.in/blogs/quotes-wishes/proposal-messages-to-a-girl|https://www.weddingwire.in/wedding-tips/proposal-lines--c2419|https://www.pinterest.com/ideas/love-propose-in-english/930203093669/,propose day wishes & quotes — Indian languages,new-page,,none,36,stable,,,6,T1,low — job ends by copying text,0.00,
propose girlfriend shayari,C03,AUTOCOMPLETE,google-suggest-in,SERP-ARCHETYPE+AUTOCOMPLETE,informational,blog,1000-3000,EST,5,,medium,30,https://www.mensxp.com/marathi/latest/trending/128772-happy-propose-day-wishes-messages-and-quotes-in-marathi.html|https://www.pinterest.com/ideas/propose-day-quotes-in-marathi/920430400406/|https://maharashtratimes.com/lifestyle-news/relationships/happy-propose-day-2026-wishes-in-marathi-quotes-shayri-shubhechcha-whatsapp-facebook-instagram-status-messages-for-girlfriend-boyfriend/articleshow/128029916.cms,propose day wishes & quotes — Indian languages,new-page,,none,36,stable,,,6,T1,low — job ends by copying text,0.00,
propose day quotes hindi english,C03,AUTOCOMPLETE,google-suggest-in,SERP-ARCHETYPE+AUTOCOMPLETE,informational,blog,300-1000,EST,5,,medium,20,https://www.mensxp.com/marathi/latest/trending/128772-happy-propose-day-wishes-messages-and-quotes-in-marathi.html|https://www.pinterest.com/ideas/propose-day-quotes-in-marathi/920430400406/|https://maharashtratimes.com/lifestyle-news/relationships/happy-propose-day-2026-wishes-in-marathi-quotes-shayri-shubhechcha-whatsapp-facebook-instagram-status-messages-for-girlfriend-boyfriend/articleshow/128029916.cms,propose day wishes & quotes — Indian languages,new-page,,none,12,seasonal,2027-02-01..2027-02-14,2026-11-16,4,T1,low — job ends by copying text,0.00,
how to propose girlfriend,C04,AUTOCOMPLETE,google-suggest-in,SERP-ARCHETYPE+AUTOCOMPLETE,informational,blog,3000-10000,EST,6,,medium,40,https://www.quora.com/How-do-I-propose-a-girl-on-WhatsApp|https://www.tiktok.com/@shallygrant/video/7477575745213058309|https://shararat.in/blogs/relationshipintimacy/how-to-propose-a-girlfriend-on-chat-10-best-lines-and-tips,how to propose — advice,new-page,,none,120,stable,,,14,T1,low — job ends by copying text,0.20,create-interactive-proposal-website-girlfriend
how to propose girlfriend first time,C04,AUTOCOMPLETE,google-suggest-in,SERP-ARCHETYPE+AUTOCOMPLETE,informational,blog,1000-3000,EST,6,,medium,30,https://www.quora.com/How-do-I-propose-a-girl-on-WhatsApp|https://www.tiktok.com/@shallygrant/video/7477575745213058309|https://shararat.in/blogs/relationshipintimacy/how-to-propose-a-girlfriend-on-chat-10-best-lines-and-tips,how to propose — advice,new-page,,none,36,stable,,,12,T1,low — job ends by copying text,0.20,create-interactive-proposal-website-girlfriend
how to propose girlfriend marriage,C04,AUTOCOMPLETE,google-suggest-in,SERP-ARCHETYPE+AUTOCOMPLETE,informational,blog,1000-3000,EST,6,,medium,30,https://www.quora.com/How-do-I-propose-a-girl-on-WhatsApp|https://www.tiktok.com/@shallygrant/video/7477575745213058309|https://shararat.in/blogs/relationshipintimacy/how-to-propose-a-girlfriend-on-chat-10-best-lines-and-tips,how to propose — advice,new-page,,none,36,stable,,,10,T1,low — job ends by copying text,0.17,personalized-digital-marriage-proposal-template-online
how to propose girlfriend again,C04,AUTOCOMPLETE,google-suggest-in,SERP-ARCHETYPE+AUTOCOMPLETE,informational,blog,300-1000,EST,6,,medium,20,https://www.quora.com/How-do-I-propose-a-girl-on-WhatsApp|https://www.tiktok.com/@shallygrant/video/7477575745213058309|https://shararat.in/blogs/relationshipintimacy/how-to-propose-a-girlfriend-on-chat-10-best-lines-and-tips,how to propose — advice,new-page,,none,12,stable,,,9,T1,low — job ends by copying text,0.20,create-interactive-proposal-website-girlfriend
how to propose girlfriend in chat,C04,AUTOCOMPLETE,google-suggest-in,SERP-ARCHETYPE+AUTOCOMPLETE,transactional,blog,1000-3000,EST,6,,winnable,75,https://www.quora.com/How-do-I-propose-a-girl-on-WhatsApp|https://www.tiktok.com/@shallygrant/video/7477575745213058309|https://shararat.in/blogs/relationshipintimacy/how-to-propose-a-girlfriend-on-chat-10-best-lines-and-tips,how to propose — advice,new-page,,none,130,stable,,,8,T1,high — the link IS the answer,0.20,create-interactive-proposal-website-girlfriend
how to propose girlfriend on propose day,C04,AUTOCOMPLETE,google-suggest-in,SERP-ARCHETYPE+AUTOCOMPLETE,transactional,blog,1000-3000,EST,6,,winnable,75,https://www.quora.com/How-do-I-propose-a-girl-on-WhatsApp|https://www.tiktok.com/@shallygrant/video/7477575745213058309|https://shararat.in/blogs/relationshipintimacy/how-to-propose-a-girlfriend-on-chat-10-best-lines-and-tips,how to propose — advice,new-page,,none,130,seasonal,2027-02-01..2027-02-14,2026-11-16,8,T1,high — the link IS the answer,0.00,
how to propose online,C06,AUTOCOMPLETE,google-suggest-in,SERP-ARCHETYPE+AUTOCOMPLETE,transactional,tool,1000-3000,EST,8,,winnable,75,https://bemyval.co/|https://www.yourlovepage.online/proposal-website|https://www.tiktok.com/discover/will-you-be-my-girlfriend-website-proposal,virtual / online / digital propose (our mechanic + occasion),new-page,,none,130,stable,,,8,T1,high — the link IS the answer,0.00,
how to propose girlfriend in hindi,C04,AUTOCOMPLETE,google-suggest-in,SERP-ARCHETYPE+AUTOCOMPLETE,informational,blog,1000-3000,EST,6,,medium,30,https://www.quora.com/How-do-I-propose-a-girl-on-WhatsApp|https://www.tiktok.com/@shallygrant/video/7477575745213058309|https://shararat.in/blogs/relationshipintimacy/how-to-propose-a-girlfriend-on-chat-10-best-lines-and-tips,how to propose — advice,new-page,,none,36,stable,,,8,T1,low — job ends by copying text,0.00,
how to propose girlfriend in english,C04,AUTOCOMPLETE,google-suggest-in,SERP-ARCHETYPE+AUTOCOMPLETE,informational,blog,1000-3000,EST,6,,medium,30,https://www.quora.com/How-do-I-propose-a-girl-on-WhatsApp|https://www.tiktok.com/@shallygrant/video/7477575745213058309|https://shararat.in/blogs/relationshipintimacy/how-to-propose-a-girlfriend-on-chat-10-best-lines-and-tips,how to propose — advice,new-page,,none,36,stable,,,8,T1,low — job ends by copying text,0.00,
how to propose girlfriend for marriage,C04,AUTOCOMPLETE,google-suggest-in,SERP-ARCHETYPE+AUTOCOMPLETE,informational,blog,1000-3000,EST,6,,medium,30,https://www.quora.com/How-do-I-propose-a-girl-on-WhatsApp|https://www.tiktok.com/@shallygrant/video/7477575745213058309|https://shararat.in/blogs/relationshipintimacy/how-to-propose-a-girlfriend-on-chat-10-best-lines-and-tips,how to propose — advice,new-page,,none,36,stable,,,7,T1,low — job ends by copying text,0.17,personalized-digital-marriage-proposal-template-online
proposal ideas for girlfriend at home,C08,AUTOCOMPLETE,google-suggest-in,SERP-ARCHETYPE+AUTOCOMPLETE,informational,blog,3000-10000,EST,3,,medium,24,https://www.hitched.co.uk/wedding-planning/organising-and-planning/proposal-ideas-at-home/|https://www.reddit.com/r/Proposal/comments/1mtssij/how_can_i_make_the_proposal_a_surprise_when_she/|https://www.theknot.com/content/romantic-ways-to-propose,proposal ideas — planning & venues,new-page,,none,78,stable,,,36,T1,low — job ends by copying text,0.40,create-interactive-proposal-website-girlfriend
proposal ideas for gf,C08,AUTOCOMPLETE,google-suggest-in,SERP-ARCHETYPE+AUTOCOMPLETE,informational,blog,1000-3000,EST,3,,medium,18,https://www.hitched.co.uk/wedding-planning/organising-and-planning/proposal-ideas-at-home/|https://www.reddit.com/r/Proposal/comments/1mtssij/how_can_i_make_the_proposal_a_surprise_when_she/|https://www.theknot.com/content/romantic-ways-to-propose,proposal ideas — planning & venues,new-page,,none,24,stable,,,27,T1,low — job ends by copying text,0.29,wording-ideas-tracking-yes-no-proposal-page
will you be my girlfriend proposal ideas,C01,AUTOCOMPLETE,google-suggest-in,SERP-ARCHETYPE+AUTOCOMPLETE,commercial,tool,1000-3000,EST,8,,medium,60,https://bemyval.co/|https://www.yourlovepage.online/proposal-website|https://www.tiktok.com/discover/will-you-be-my-girlfriend-website-proposal,proposal page / link builder (product mechanic),new-page,,none,36,stable,,,18,T1,medium — compares makers,0.44,cute-kitten-theme-will-you-be-my-girlfriend-web-layout
proposal ideas for girlfriend,C08,AUTOCOMPLETE,google-suggest-in,SERP-ARCHETYPE+AUTOCOMPLETE,informational,blog,3000-10000,EST,3,,medium,24,https://www.hitched.co.uk/wedding-planning/organising-and-planning/proposal-ideas-at-home/|https://www.reddit.com/r/Proposal/comments/1mtssij/how_can_i_make_the_proposal_a_surprise_when_she/|https://www.theknot.com/content/romantic-ways-to-propose,proposal ideas — planning & venues,new-page,,none,78,stable,,,17,T1,low — job ends by copying text,0.40,create-interactive-proposal-website-girlfriend
online proposal maker free for girlfriend,C01,SERP:online proposal maker free for girlfriend,firecrawl-india-serp,SERP-MEASURED,transactional,tool,1000-3000,EST,9,,winnable,75,https://bemyval.co/|https://www.canva.com/create/proposals/|https://pixeryhub.com/create,proposal page / link builder (product mechanic),new-page,,none,130,stable,,,17,T2,high — the link IS the answer,0.43,anime-theme-dynamic-proposal-webpage-maker-free
virtual proposal card,C06,AUTOCOMPLETE,google-suggest-in,SERP-ARCHETYPE+AUTOCOMPLETE,transactional,tool,1000-3000,EST,6,,winnable,75,https://www.greetingsisland.com/cards/thoughts-and-feelings/love-and-romance|https://www.paperlesspost.com/cards/category/love-and-romance-cards|https://greetings-online.com/postcards_cat/proposal-cards/,virtual / online / digital propose (our mechanic + occasion),new-page,,none,130,stable,,,17,T2,high — the link IS the answer,0.33,how-to-design-surprise-virtual-scavenger-hunt-proposal
proposal website template,C09,AUTOCOMPLETE,google-suggest-in,SERP-ARCHETYPE+AUTOCOMPLETE,commercial,blog,3000-10000,EST,0,G1,do-not-attempt,0,https://betterproposals.io/|https://www.canva.com/create/proposals/|https://venngage.com/ai-tools/proposal-generator,business proposal software (B2B contamination),skip,,none,0,stable,,,19,T2,none — B2B SERP,0.43,interactive-love-quiz-proposal-website-template-free
online proposal ideas,C06,AUTOCOMPLETE,google-suggest-in,SERP-ARCHETYPE+AUTOCOMPLETE,informational,tool,1000-3000,EST,6,,medium,30,https://www.reddit.com/r/LongDistance/comments/116nrxx/any_ideas_for_a_long_distance_proposal/|https://www.withclarity.com/blogs/engagement-ring/long-distance-proposal-ideas|https://www.quora.com/How-proposal-can-be-in-a-long-distance-relationship,virtual / online / digital propose (our mechanic + occasion),new-page,,none,36,stable,,,21,T2,low — job ends by copying text,0.29,wording-ideas-tracking-yes-no-proposal-page
propose ideas for girlfriend in chat,C04,AUTOCOMPLETE,google-suggest-in,SERP-ARCHETYPE+AUTOCOMPLETE,transactional,blog,1000-3000,EST,6,,winnable,75,https://www.quora.com/How-do-I-propose-a-girl-on-WhatsApp|https://www.tiktok.com/@shallygrant/video/7477575745213058309|https://shararat.in/blogs/relationshipintimacy/how-to-propose-a-girlfriend-on-chat-10-best-lines-and-tips,how to propose — advice,new-page,,none,130,stable,,,17,T2,high — the link IS the answer,0.20,create-interactive-proposal-website-girlfriend
virtual propose day,C06,AUTOCOMPLETE,google-suggest-in,SERP-ARCHETYPE+AUTOCOMPLETE,transactional,tool,1000-3000,EST,8,,winnable,75,https://bemyval.co/|https://www.yourlovepage.online/proposal-website|https://www.tiktok.com/discover/will-you-be-my-girlfriend-website-proposal,virtual / online / digital propose (our mechanic + occasion),new-page,,none,130,seasonal,2027-02-01..2027-02-14,2026-11-16,11,T2,high — the link IS the answer,0.00,
online proposal website,C09,AUTOCOMPLETE,google-suggest-in,SERP-ARCHETYPE+AUTOCOMPLETE,commercial,blog,1000-3000,EST,0,G1,do-not-attempt,0,https://betterproposals.io/|https://www.canva.com/create/proposals/|https://venngage.com/ai-tools/proposal-generator,business proposal software (B2B contamination),skip,,none,0,stable,,,8,T2,none — B2B SERP,0.40,create-interactive-proposal-website-girlfriend
online proposal link,C01,AUTOCOMPLETE,google-suggest-in,SERP-ARCHETYPE+AUTOCOMPLETE,transactional,tool,300-1000,EST,8,,winnable,50,https://bemyval.co/|https://www.yourlovepage.online/proposal-website|https://www.tiktok.com/discover/will-you-be-my-girlfriend-website-proposal,proposal page / link builder (product mechanic),new-page,,none,43,stable,,,7,T2,high — the link IS the answer,0.33,how-to-create-a-secret-link-proposal-website-for-girlfriend
proposal website for girlfriend free,C01,AUTOCOMPLETE,google-suggest-in,SERP-ARCHETYPE+AUTOCOMPLETE,transactional,tool,300-1000,EST,8,,own-already,50,https://bemyval.co/|https://www.yourlovepage.online/proposal-website|https://www.tiktok.com/discover/will-you-be-my-girlfriend-website-proposal,proposal page / link builder (product mechanic),merge-into-existing,,none,43,stable,,,7,T2,high,0.60,create-interactive-proposal-website-girlfriend
love proposal website template,C01,AUTOCOMPLETE,google-suggest-in,SERP-ARCHETYPE+AUTOCOMPLETE,transactional,tool,300-1000,EST,8,,winnable,50,https://bemyval.co/|https://www.yourlovepage.online/proposal-website|https://www.tiktok.com/discover/will-you-be-my-girlfriend-website-proposal,proposal page / link builder (product mechanic),new-page,,none,43,stable,,,7,T2,high — the link IS the answer,0.57,interactive-love-quiz-proposal-website-template-free
proposal website for boyfriend,C01,AUTOCOMPLETE,google-suggest-in,SERP-ARCHETYPE+AUTOCOMPLETE,transactional,tool,300-1000,EST,8,,winnable,50,https://bemyval.co/|https://www.yourlovepage.online/proposal-website|https://www.tiktok.com/discover/will-you-be-my-girlfriend-website-proposal,proposal page / link builder (product mechanic),new-page,,none,43,stable,,,7,T2,high — the link IS the answer,0.40,create-interactive-proposal-website-girlfriend
online marriage proposal maker,C01,AUTOCOMPLETE,google-suggest-in,SERP-ARCHETYPE+AUTOCOMPLETE,transactional,tool,300-1000,EST,9,,winnable,50,https://bemyval.co/|https://www.canva.com/create/proposals/|https://pixeryhub.com/create,proposal page / link builder (product mechanic),new-page,,none,43,stable,,,7,T2,high — the link IS the answer,0.50,personalized-digital-marriage-proposal-template-online
proposal website for girlfriend,C01,AUTOCOMPLETE,google-suggest-in,SERP-ARCHETYPE+AUTOCOMPLETE,transactional,tool,300-1000,EST,8,,own-already,50,https://bemyval.co/|https://www.yourlovepage.online/proposal-website|https://www.tiktok.com/discover/will-you-be-my-girlfriend-website-proposal,proposal page / link builder (product mechanic),merge-into-existing,,none,43,stable,,,6,T2,high,0.60,create-interactive-proposal-website-girlfriend
proposal website for crush,C01,AUTOCOMPLETE,google-suggest-in,SERP-ARCHETYPE+AUTOCOMPLETE,transactional,tool,300-1000,EST,8,,winnable,50,https://bemyval.co/|https://www.yourlovepage.online/proposal-website|https://www.tiktok.com/discover/will-you-be-my-girlfriend-website-proposal,proposal page / link builder (product mechanic),new-page,,none,43,stable,,,6,T2,high — the link IS the answer,0.50,how-to-code-a-moving-button-proposal-website-for-crush
propose girlfriend website,C01,AUTOCOMPLETE,google-suggest-in,SERP-ARCHETYPE+AUTOCOMPLETE,transactional,tool,300-1000,EST,8,,winnable,50,https://bemyval.co/|https://www.yourlovepage.online/proposal-website|https://www.tiktok.com/discover/will-you-be-my-girlfriend-website-proposal,proposal page / link builder (product mechanic),new-page,,none,43,stable,,,6,T2,high — the link IS the answer,0.40,create-interactive-proposal-website-girlfriend
online love proposal maker,C01,AUTOCOMPLETE,google-suggest-in,SERP-ARCHETYPE+AUTOCOMPLETE,transactional,tool,300-1000,EST,9,,winnable,50,https://bemyval.co/|https://www.canva.com/create/proposals/|https://pixeryhub.com/create,proposal page / link builder (product mechanic),new-page,,none,43,stable,,,5,T2,high — the link IS the answer,0.29,anime-theme-dynamic-proposal-webpage-maker-free
online proposal for girlfriend,C01,AUTOCOMPLETE,google-suggest-in,SERP-ARCHETYPE+AUTOCOMPLETE,transactional,tool,300-1000,EST,8,,winnable,50,https://bemyval.co/|https://www.yourlovepage.online/proposal-website|https://www.tiktok.com/discover/will-you-be-my-girlfriend-website-proposal,proposal page / link builder (product mechanic),new-page,,none,43,stable,,,6,T2,high — the link IS the answer,0.40,create-interactive-proposal-website-girlfriend
propose day greeting card online free,C06,AUTOCOMPLETE,google-suggest-in,SERP-ARCHETYPE+AUTOCOMPLETE,transactional,tool,300-1000,EST,6,,winnable,50,https://www.greetingsisland.com/cards/thoughts-and-feelings/love-and-romance|https://www.paperlesspost.com/cards/category/love-and-romance-cards|https://greetings-online.com/postcards_cat/proposal-cards/,virtual / online / digital propose (our mechanic + occasion),new-page,,none,43,seasonal,2027-02-01..2027-02-14,2026-11-16,5,T2,high — the link IS the answer,0.00,
virtual proposal website,C01,AUTOCOMPLETE,google-suggest-in,SERP-ARCHETYPE+AUTOCOMPLETE,transactional,tool,300-1000,EST,8,,winnable,50,https://bemyval.co/|https://www.yourlovepage.online/proposal-website|https://www.tiktok.com/discover/will-you-be-my-girlfriend-website-proposal,proposal page / link builder (product mechanic),new-page,,none,43,stable,,,4,T2,high — the link IS the answer,0.40,create-interactive-proposal-website-girlfriend
online proposal card,C06,AUTOCOMPLETE,google-suggest-in,SERP-ARCHETYPE+AUTOCOMPLETE,transactional,tool,300-1000,EST,6,,winnable,50,https://www.greetingsisland.com/cards/thoughts-and-feelings/love-and-romance|https://www.paperlesspost.com/cards/category/love-and-romance-cards|https://greetings-online.com/postcards_cat/proposal-cards/,virtual / online / digital propose (our mechanic + occasion),new-page,,none,43,stable,,,4,T2,high — the link IS the answer,0.20,create-interactive-proposal-website-girlfriend
how to propose a girl online long distance,C06,SERP:how to propose a girl online long distance,firecrawl-india-serp,SERP-MEASURED,transactional,tool,300-1000,EST,5,,winnable,50,https://www.reddit.com/r/LongDistance/comments/116nrxx/any_ideas_for_a_long_distance_proposal/|https://www.quora.com/How-can-you-propose-when-you-are-in-a-long-distance-relationship|https://www.withclarity.com/blogs/engagement-ring/long-distance-proposal-ideas,virtual / online / digital propose (our mechanic + occasion),new-page,,none,43,stable,,,3,T3,high — the link IS the answer,0.00,
virtual proposal ideas for long distance relationship,C06,SERP:virtual proposal ideas long distance relationship,firecrawl-india-serp,SERP-MEASURED,transactional,tool,300-1000,EST,6,,winnable,50,https://www.reddit.com/r/LongDistance/comments/116nrxx/any_ideas_for_a_long_distance_proposal/|https://www.withclarity.com/blogs/engagement-ring/long-distance-proposal-ideas|https://www.quora.com/How-proposal-can-be-in-a-long-distance-relationship,virtual / online / digital propose (our mechanic + occasion),new-page,,none,43,stable,,,3,T3,high — the link IS the answer,0.33,how-to-design-surprise-virtual-scavenger-hunt-proposal
how to propose a girl on whatsapp chat,C04,SERP:how to propose a girl on whatsapp chat,firecrawl-india-serp,SERP-MEASURED,transactional,blog,1000-3000,EST,6,,winnable,75,https://www.quora.com/How-do-I-propose-a-girl-on-WhatsApp|https://www.tiktok.com/@shallygrant/video/7477575745213058309|https://shararat.in/blogs/relationshipintimacy/how-to-propose-a-girlfriend-on-chat-10-best-lines-and-tips,how to propose — advice,new-page,,none,130,stable,,,5,T3,high — the link IS the answer,0.00,
will you be my girlfriend proposal page online,C01,SERP:will you be my girlfriend proposal page online,firecrawl-india-serp,SERP-MEASURED,transactional,tool,300-1000,EST,8,,winnable,50,https://bemyval.co/|https://www.yourlovepage.online/proposal-website|https://www.tiktok.com/discover/will-you-be-my-girlfriend-website-proposal,proposal page / link builder (product mechanic),new-page,,none,43,stable,,,4,T3,high — the link IS the answer,0.56,funny-will-you-be-my-girlfriend-page-with-dodging-no-button
digital proposal card for girlfriend online free,C06,SERP:digital proposal card for girlfriend online free,firecrawl-india-serp,SERP-MEASURED,transactional,tool,300-1000,EST,6,,winnable,50,https://www.greetingsisland.com/cards/thoughts-and-feelings/love-and-romance|https://www.paperlesspost.com/cards/category/love-and-romance-cards|https://greetings-online.com/postcards_cat/proposal-cards/,virtual / online / digital propose (our mechanic + occasion),new-page,,none,43,stable,,,4,T3,high — the link IS the answer,0.33,create-interactive-proposal-website-girlfriend
propose message for girlfriend in english,C05,SERP:propose message for girlfriend in english,firecrawl-india-serp,SERP-MEASURED,informational,blog,1000-3000,EST,6,,medium,30,https://www.chococraft.in/blogs/quotes-wishes/proposal-messages-to-a-girl|https://www.weddingwire.in/wedding-tips/proposal-lines--c2419|https://www.pinterest.com/ideas/love-propose-in-english/930203093669/,propose messages & lines,new-page,,none,36,stable,,,6,T3,low — job ends by copying text,0.00,
propose day gift for girlfriend,C07,SERP:propose day gift for girlfriend,firecrawl-india-serp,SERP-MEASURED,transactional,blog,3000-10000,EST,6,G5,do-not-attempt,0,https://www.fnp.com/gifts/propose-day-lp|https://www.oyegifts.com/blogs/occasion/what-are-good-propose-day-gifts-for-my-girlfriend|https://www.pinterest.com/ideas/propose-day-gift-ideas-for-him/912148244394/,propose day gift — physical retail,skip,https://subhsandesh.in/blog/propose-day-gift-for-girlfriend,none,0,seasonal,2027-02-01..2027-02-14,2026-11-16,6,T3,none — physical delivery,0.00,
online propose day gift for girlfriend,C07,SERP:propose day gift for girlfriend,firecrawl-india-serp,SERP-MEASURED,transactional,blog,1000-3000,EST,6,G5,do-not-attempt,0,https://www.fnp.com/gifts/propose-day-lp|https://www.oyegifts.com/blogs/occasion/what-are-good-propose-day-gifts-for-my-girlfriend|https://www.pinterest.com/ideas/propose-day-gift-ideas-for-him/912148244394/,propose day gift — physical retail,skip,https://subhsandesh.in/blog/online-propose-day-gift-for-girlfriend,none,0,seasonal,2027-02-01..2027-02-14,2026-11-16,4,T3,none — physical delivery,0.00,
how to propose girl on chat,C04,AUTOCOMPLETE,google-suggest-in,SERP-ARCHETYPE+AUTOCOMPLETE,transactional,blog,300-1000,EST,6,,winnable,50,https://www.quora.com/How-do-I-propose-a-girl-on-WhatsApp|https://www.tiktok.com/@shallygrant/video/7477575745213058309|https://shararat.in/blogs/relationshipintimacy/how-to-propose-a-girlfriend-on-chat-10-best-lines-and-tips,how to propose — advice,new-page,,none,43,stable,,,5,T3,high — the link IS the answer,0.00,
can you propose over text,C04,AUTOCOMPLETE,google-suggest-in,SERP-ARCHETYPE+AUTOCOMPLETE,informational,blog,300-1000,EST,6,,medium,20,https://www.quora.com/How-do-I-propose-a-girl-on-WhatsApp|https://www.tiktok.com/@shallygrant/video/7477575745213058309|https://shararat.in/blogs/relationshipintimacy/how-to-propose-a-girlfriend-on-chat-10-best-lines-and-tips,how to propose — advice,new-page,,none,12,stable,,,9,T3,low — job ends by copying text,0.25,best-text-wording-will-you-be-mine-layout
how to propose in message,C04,AUTOCOMPLETE,google-suggest-in,SERP-ARCHETYPE+AUTOCOMPLETE,transactional,blog,300-1000,EST,6,,winnable,50,https://www.quora.com/How-do-I-propose-a-girl-on-WhatsApp|https://www.tiktok.com/@shallygrant/video/7477575745213058309|https://shararat.in/blogs/relationshipintimacy/how-to-propose-a-girlfriend-on-chat-10-best-lines-and-tips,how to propose — advice,new-page,,none,43,stable,,,7,T3,high — the link IS the answer,0.00,
propose message for crush,C05,AUTOCOMPLETE,google-suggest-in,SERP-ARCHETYPE+AUTOCOMPLETE,informational,blog,300-1000,EST,6,,medium,20,https://www.chococraft.in/blogs/quotes-wishes/proposal-messages-to-a-girl|https://www.weddingwire.in/wedding-tips/proposal-lines--c2419|https://www.pinterest.com/ideas/love-propose-in-english/930203093669/,propose messages & lines,new-page,,none,12,stable,,,6,T3,low — job ends by copying text,0.17,how-to-code-a-moving-button-proposal-website-for-crush
propose message for her,C05,AUTOCOMPLETE,google-suggest-in,SERP-ARCHETYPE+AUTOCOMPLETE,informational,blog,300-1000,EST,6,,medium,20,https://www.chococraft.in/blogs/quotes-wishes/proposal-messages-to-a-girl|https://www.weddingwire.in/wedding-tips/proposal-lines--c2419|https://www.pinterest.com/ideas/love-propose-in-english/930203093669/,propose messages & lines,new-page,,none,12,stable,,,6,T3,low — job ends by copying text,0.00,
propose message for girl in hindi,C03,AUTOCOMPLETE,google-suggest-in,SERP-ARCHETYPE+AUTOCOMPLETE,informational,blog,300-1000,EST,6,,medium,20,https://www.chococraft.in/blogs/quotes-wishes/proposal-messages-to-a-girl|https://www.weddingwire.in/wedding-tips/proposal-lines--c2419|https://www.pinterest.com/ideas/love-propose-in-english/930203093669/,propose day wishes & quotes — Indian languages,new-page,,none,12,stable,,,5,T3,low — job ends by copying text,0.00,
propose day wishes for girlfriend in hindi,C03,AUTOCOMPLETE,google-suggest-in,SERP-ARCHETYPE+AUTOCOMPLETE,informational,blog,1000-3000,EST,5,,medium,30,https://www.mensxp.com/marathi/latest/trending/128772-happy-propose-day-wishes-messages-and-quotes-in-marathi.html|https://www.pinterest.com/ideas/propose-day-quotes-in-marathi/920430400406/|https://maharashtratimes.com/lifestyle-news/relationships/happy-propose-day-2026-wishes-in-marathi-quotes-shayri-shubhechcha-whatsapp-facebook-instagram-status-messages-for-girlfriend-boyfriend/articleshow/128029916.cms,propose day wishes & quotes — Indian languages,new-page,,none,36,seasonal,2027-02-01..2027-02-14,2026-11-16,5,T3,low — job ends by copying text,0.00,
propose day quotes for wife in hindi,C03,AUTOCOMPLETE,google-suggest-in,SERP-ARCHETYPE+AUTOCOMPLETE,informational,blog,300-1000,EST,5,,medium,20,https://www.mensxp.com/marathi/latest/trending/128772-happy-propose-day-wishes-messages-and-quotes-in-marathi.html|https://www.pinterest.com/ideas/propose-day-quotes-in-marathi/920430400406/|https://maharashtratimes.com/lifestyle-news/relationships/happy-propose-day-2026-wishes-in-marathi-quotes-shayri-shubhechcha-whatsapp-facebook-instagram-status-messages-for-girlfriend-boyfriend/articleshow/128029916.cms,propose day wishes & quotes — Indian languages,new-page,,none,12,seasonal,2027-02-01..2027-02-14,2026-11-16,5,T3,low — job ends by copying text,0.00,
how to propose girl in different ways,C04,AUTOCOMPLETE,google-suggest-in,SERP-ARCHETYPE+AUTOCOMPLETE,informational,blog,300-1000,EST,6,,medium,20,https://www.quora.com/How-do-I-propose-a-girl-on-WhatsApp|https://www.tiktok.com/@shallygrant/video/7477575745213058309|https://shararat.in/blogs/relationshipintimacy/how-to-propose-a-girlfriend-on-chat-10-best-lines-and-tips,how to propose — advice,new-page,,none,12,stable,,,5,T3,low — job ends by copying text,0.00,
how to propose to a new girlfriend,C04,AUTOCOMPLETE,google-suggest-in,SERP-ARCHETYPE+AUTOCOMPLETE,informational,blog,300-1000,EST,6,,medium,20,https://www.quora.com/How-do-I-propose-a-girl-on-WhatsApp|https://www.tiktok.com/@shallygrant/video/7477575745213058309|https://shararat.in/blogs/relationshipintimacy/how-to-propose-a-girlfriend-on-chat-10-best-lines-and-tips,how to propose — advice,new-page,,none,12,stable,,,5,T3,low — job ends by copying text,0.20,create-interactive-proposal-website-girlfriend
how to propose girlfriend online,C06,AUTOCOMPLETE,google-suggest-in,SERP-ARCHETYPE+AUTOCOMPLETE,transactional,tool,300-1000,EST,8,,winnable,50,https://bemyval.co/|https://www.yourlovepage.online/proposal-website|https://www.tiktok.com/discover/will-you-be-my-girlfriend-website-proposal,virtual / online / digital propose (our mechanic + occasion),new-page,,none,43,stable,,,3,T3,high — the link IS the answer,0.20,create-interactive-proposal-website-girlfriend
how to propose a girl without knowing her,C04,AUTOCOMPLETE,google-suggest-in,SERP-ARCHETYPE+AUTOCOMPLETE,informational,blog,under-300,EST,6,,medium,10,https://www.quora.com/How-do-I-propose-a-girl-on-WhatsApp|https://www.tiktok.com/@shallygrant/video/7477575745213058309|https://shararat.in/blogs/relationshipintimacy/how-to-propose-a-girlfriend-on-chat-10-best-lines-and-tips,how to propose — advice,new-page,,none,2.7,stable,,,3,T3,low — job ends by copying text,0.00,
how to propose girl in unique way,C04,AUTOCOMPLETE,google-suggest-in,SERP-ARCHETYPE+AUTOCOMPLETE,informational,blog,300-1000,EST,6,,medium,20,https://www.quora.com/How-do-I-propose-a-girl-on-WhatsApp|https://www.tiktok.com/@shallygrant/video/7477575745213058309|https://shararat.in/blogs/relationshipintimacy/how-to-propose-a-girlfriend-on-chat-10-best-lines-and-tips,how to propose — advice,new-page,,none,12,stable,,,3,T3,low — job ends by copying text,0.00,
how to propose girl in marathi,C03,AUTOCOMPLETE,google-suggest-in,SERP-ARCHETYPE+AUTOCOMPLETE,informational,blog,under-300,EST,5,,medium,10,https://www.mensxp.com/marathi/latest/trending/128772-happy-propose-day-wishes-messages-and-quotes-in-marathi.html|https://www.pinterest.com/ideas/propose-day-quotes-in-marathi/920430400406/|https://maharashtratimes.com/lifestyle-news/relationships/happy-propose-day-2026-wishes-in-marathi-quotes-shayri-shubhechcha-whatsapp-facebook-instagram-status-messages-for-girlfriend-boyfriend/articleshow/128029916.cms,propose day wishes & quotes — Indian languages,new-page,,none,2.7,stable,,,3,T3,low — job ends by copying text,0.00,
how to propose ex girlfriend again,C04,AUTOCOMPLETE,google-suggest-in,SERP-ARCHETYPE+AUTOCOMPLETE,informational,blog,under-300,EST,6,,medium,10,https://www.quora.com/How-do-I-propose-a-girl-on-WhatsApp|https://www.tiktok.com/@shallygrant/video/7477575745213058309|https://shararat.in/blogs/relationshipintimacy/how-to-propose-a-girlfriend-on-chat-10-best-lines-and-tips,how to propose — advice,new-page,,none,2.7,stable,,,3,T3,low — job ends by copying text,0.20,create-interactive-proposal-website-girlfriend
love proposal lines in hindi,C03,AUTOCOMPLETE,google-suggest-in,SERP-ARCHETYPE+AUTOCOMPLETE,informational,blog,300-1000,EST,5,,medium,20,https://www.mensxp.com/marathi/latest/trending/128772-happy-propose-day-wishes-messages-and-quotes-in-marathi.html|https://www.pinterest.com/ideas/propose-day-quotes-in-marathi/920430400406/|https://maharashtratimes.com/lifestyle-news/relationships/happy-propose-day-2026-wishes-in-marathi-quotes-shayri-shubhechcha-whatsapp-facebook-instagram-status-messages-for-girlfriend-boyfriend/articleshow/128029916.cms,propose day wishes & quotes — Indian languages,new-page,,none,12,stable,,,3,T3,low — job ends by copying text,0.00,
propose a girl in shayari,C03,AUTOCOMPLETE,google-suggest-in,SERP-ARCHETYPE+AUTOCOMPLETE,informational,blog,300-1000,EST,5,,medium,20,https://www.mensxp.com/marathi/latest/trending/128772-happy-propose-day-wishes-messages-and-quotes-in-marathi.html|https://www.pinterest.com/ideas/propose-day-quotes-in-marathi/920430400406/|https://maharashtratimes.com/lifestyle-news/relationships/happy-propose-day-2026-wishes-in-marathi-quotes-shayri-shubhechcha-whatsapp-facebook-instagram-status-messages-for-girlfriend-boyfriend/articleshow/128029916.cms,propose day wishes & quotes — Indian languages,new-page,,none,12,stable,,,3,T3,low — job ends by copying text,0.00,
propose day jokes hindi,C03,AUTOCOMPLETE,google-suggest-in,SERP-ARCHETYPE+AUTOCOMPLETE,informational,blog,under-300,EST,5,,medium,10,https://www.mensxp.com/marathi/latest/trending/128772-happy-propose-day-wishes-messages-and-quotes-in-marathi.html|https://www.pinterest.com/ideas/propose-day-quotes-in-marathi/920430400406/|https://maharashtratimes.com/lifestyle-news/relationships/happy-propose-day-2026-wishes-in-marathi-quotes-shayri-shubhechcha-whatsapp-facebook-instagram-status-messages-for-girlfriend-boyfriend/articleshow/128029916.cms,propose day wishes & quotes — Indian languages,new-page,,none,2.7,seasonal,2027-02-01..2027-02-14,2026-11-16,3,T3,low — job ends by copying text,0.00,
romantic proposal ideas in mumbai,C08,AUTOCOMPLETE,google-suggest-in,SERP-ARCHETYPE+AUTOCOMPLETE,commercial,blog,1000-3000,EST,3,G5,do-not-attempt,0,https://www.hitched.co.uk/wedding-planning/organising-and-planning/proposal-ideas-at-home/|https://www.reddit.com/r/Proposal/comments/1mtssij/how_can_i_make_the_proposal_a_surprise_when_she/|https://www.theknot.com/content/romantic-ways-to-propose,proposal ideas — planning & venues,skip,,none,0,stable,,,15,T3,none — wants a local planner,0.29,romantic-proposal-timeline-web-page-with-interactive-maps
romantic proposal ideas in delhi,C08,AUTOCOMPLETE,google-suggest-in,SERP-ARCHETYPE+AUTOCOMPLETE,commercial,blog,1000-3000,EST,3,G5,do-not-attempt,0,https://www.hitched.co.uk/wedding-planning/organising-and-planning/proposal-ideas-at-home/|https://www.reddit.com/r/Proposal/comments/1mtssij/how_can_i_make_the_proposal_a_surprise_when_she/|https://www.theknot.com/content/romantic-ways-to-propose,proposal ideas — planning & venues,skip,,none,0,stable,,,10,T3,none — wants a local planner,0.29,romantic-proposal-timeline-web-page-with-interactive-maps
can a girl propose to her boyfriend,C04,AUTOCOMPLETE,google-suggest-in,SERP-ARCHETYPE+AUTOCOMPLETE,informational,blog,300-1000,EST,6,,medium,20,https://www.quora.com/How-do-I-propose-a-girl-on-WhatsApp|https://www.tiktok.com/@shallygrant/video/7477575745213058309|https://shararat.in/blogs/relationshipintimacy/how-to-propose-a-girlfriend-on-chat-10-best-lines-and-tips,how to propose — advice,new-page,,none,12,stable,,,8,T3,low — job ends by copying text,0.00,
propose day meaning in hindi,C03,AUTOCOMPLETE,google-suggest-in,SERP-ARCHETYPE+AUTOCOMPLETE,informational,blog,300-1000,EST,5,,medium,20,https://www.mensxp.com/marathi/latest/trending/128772-happy-propose-day-wishes-messages-and-quotes-in-marathi.html|https://www.pinterest.com/ideas/propose-day-quotes-in-marathi/920430400406/|https://maharashtratimes.com/lifestyle-news/relationships/happy-propose-day-2026-wishes-in-marathi-quotes-shayri-shubhechcha-whatsapp-facebook-instagram-status-messages-for-girlfriend-boyfriend/articleshow/128029916.cms,propose day wishes & quotes — Indian languages,new-page,,none,12,seasonal,2027-02-01..2027-02-14,2026-11-16,3,T3,low — job ends by copying text,0.00,
