suggestion,words,prefix_hits,relevance,best_rank,source_prefixes
romantic gift for boyfriend birthday,5,31,1250,1,romantic gift for boyfriend | romantic gift for boyfriend  | romantic gift for boyfriend b | romantic gift for boyfriend c | romantic gift for boyfriend d | romantic gift for boyfriend e | romantic gift for boyfriend f | romantic gift for boyfriend g | romantic gift for boyfriend j | romantic gift for boyfriend k | romantic gift for boyfriend p | romantic gift for boyfriend q | romantic gift for boyfriend r | romantic gift for boyfriend t | romantic gift for boyfriend u | romantic gift for boyfriend v | romantic gift for boyfriend w | romantic gift for boyfriend x | romantic gift for boyfriend z | romantic gift for boyfriend best | romantic gift for boyfriend free | romantic gift for boyfriend app | romantic gift for boyfriend maker | romantic gift for boyfriend 2026 | romantic gift for boyfriend 2027 | how romantic gift for boyfriend | what romantic gift for boyfriend | when romantic gift for boyfriend | why romantic gift for boyfriend | which romantic gift for boyfriend | who romantic gift for boyfriend
surprise gift for girlfriend birthday,5,21,1252,1,surprise gift for girlfriend | surprise gift for girlfriend  | surprise gift for girlfriend b | surprise gift for girlfriend c | surprise gift for girlfriend e | surprise gift for girlfriend g | surprise gift for girlfriend l | surprise gift for girlfriend n | surprise gift for girlfriend p | surprise gift for girlfriend r | surprise gift for girlfriend s | surprise gift for girlfriend w | surprise gift for girlfriend z | surprise gift for girlfriend 2026 | surprise gift for girlfriend 2027 | how surprise gift for girlfriend | what surprise gift for girlfriend | when surprise gift for girlfriend | why surprise gift for girlfriend | which surprise gift for girlfriend | who surprise gift for girlfriend
romantic gift ideas for boyfriend,5,21,600,2,romantic gift for boyfriend c | romantic gift for boyfriend d | romantic gift for boyfriend e | romantic gift for boyfriend f | romantic gift for boyfriend g | romantic gift for boyfriend o | romantic gift for boyfriend p | romantic gift for boyfriend r | romantic gift for boyfriend t | romantic gift for boyfriend u | romantic gift for boyfriend v | romantic gift for boyfriend w | romantic gift for boyfriend x | romantic gift for boyfriend best | romantic gift for boyfriend 2026 | romantic gift for boyfriend 2027 | how romantic gift for boyfriend | when romantic gift for boyfriend | why romantic gift for boyfriend | which romantic gift for boyfriend | who romantic gift for boyfriend
romantic gifts for boyfriend long distance,6,20,601,1,romantic gift for boyfriend | romantic gift for boyfriend  | romantic gift for boyfriend c | romantic gift for boyfriend d | romantic gift for boyfriend f | romantic gift for boyfriend l | romantic gift for boyfriend o | romantic gift for boyfriend q | romantic gift for boyfriend r | romantic gift for boyfriend t | romantic gift for boyfriend v | romantic gift for boyfriend w | romantic gift for boyfriend x | romantic gift for boyfriend best | how romantic gift for boyfriend | what romantic gift for boyfriend | when romantic gift for boyfriend | why romantic gift for boyfriend | which romantic gift for boyfriend | who romantic gift for boyfriend
romantic gift for bf birthday,5,19,600,2,romantic gift for boyfriend c | romantic gift for boyfriend d | romantic gift for boyfriend e | romantic gift for boyfriend f | romantic gift for boyfriend g | romantic gift for boyfriend j | romantic gift for boyfriend k | romantic gift for boyfriend o | romantic gift for boyfriend p | romantic gift for boyfriend r | romantic gift for boyfriend t | romantic gift for boyfriend u | romantic gift for boyfriend v | romantic gift for boyfriend w | romantic gift for boyfriend x | romantic gift for boyfriend z | romantic gift for boyfriend best | romantic gift for boyfriend 2026 | romantic gift for boyfriend 2027
surprise gift ideas for girlfriend,5,18,600,2,surprise gift for girlfriend c | surprise gift for girlfriend e | surprise gift for girlfriend g | surprise gift for girlfriend l | surprise gift for girlfriend n | surprise gift for girlfriend p | surprise gift for girlfriend q | surprise gift for girlfriend r | surprise gift for girlfriend s | surprise gift for girlfriend t | surprise gift for girlfriend u | surprise gift for girlfriend v | surprise gift for girlfriend w | surprise gift for girlfriend y | surprise gift for girlfriend online | surprise gift for girlfriend with | surprise gift for girlfriend for | is it surprise gift for girlfriend
surprise gift for girlfriend,4,16,601,1,surprise gift for girlfriend  | surprise gift for girlfriend c | surprise gift for girlfriend e | surprise gift for girlfriend g | surprise gift for girlfriend n | surprise gift for girlfriend p | surprise gift for girlfriend r | surprise gift for girlfriend s | surprise gift for girlfriend u | surprise gift for girlfriend v | surprise gift for girlfriend x | surprise gift for girlfriend with | when surprise gift for girlfriend | why surprise gift for girlfriend | which surprise gift for girlfriend | who surprise gift for girlfriend
surprise gift for girlfriend on valentine's week,7,14,601,2,surprise gift for girlfriend | surprise gift for girlfriend  | surprise gift for girlfriend o | surprise gift for girlfriend v | surprise gift for girlfriend w | surprise gift for girlfriend with | surprise gift for girlfriend for | surprise gift for girlfriend in | how surprise gift for girlfriend | what surprise gift for girlfriend | when surprise gift for girlfriend | why surprise gift for girlfriend | which surprise gift for girlfriend | who surprise gift for girlfriend
surprise gift for girlfriend online,5,13,1250,3,surprise gift for girlfriend | surprise gift for girlfriend  | surprise gift for girlfriend o | surprise gift for girlfriend v | surprise gift for girlfriend x | surprise gift for girlfriend z | surprise gift for girlfriend maker | how surprise gift for girlfriend | what surprise gift for girlfriend | when surprise gift for girlfriend | why surprise gift for girlfriend | which surprise gift for girlfriend | who surprise gift for girlfriend
romantic gifts for boyfriend,4,13,600,2,romantic gift for boyfriend c | romantic gift for boyfriend d | romantic gift for boyfriend e | romantic gift for boyfriend g | romantic gift for boyfriend o | romantic gift for boyfriend p | romantic gift for boyfriend q | romantic gift for boyfriend r | romantic gift for boyfriend u | romantic gift for boyfriend v | romantic gift for boyfriend w | romantic gift for boyfriend x | romantic gift for boyfriend best
surprise gifts for girlfriend on valentine's day,7,13,600,2,surprise gift for girlfriend | surprise gift for girlfriend d | surprise gift for girlfriend o | surprise gift for girlfriend v | surprise gift for girlfriend with | surprise gift for girlfriend for | surprise gift for girlfriend in | how surprise gift for girlfriend | what surprise gift for girlfriend | when surprise gift for girlfriend | why surprise gift for girlfriend | which surprise gift for girlfriend | who surprise gift for girlfriend
surprise gift for girlfriend at work,6,12,601,2,surprise gift for girlfriend | surprise gift for girlfriend  | surprise gift for girlfriend a | surprise gift for girlfriend w | surprise gift for girlfriend for | surprise gift for girlfriend in | how surprise gift for girlfriend | what surprise gift for girlfriend | when surprise gift for girlfriend | why surprise gift for girlfriend | which surprise gift for girlfriend | who surprise gift for girlfriend
romantic gift for boyfriend on valentine's day,7,11,601,1,romantic gift for boyfriend | romantic gift for boyfriend  | romantic gift for boyfriend o | romantic gift for boyfriend with | romantic gift for boyfriend in | how romantic gift for boyfriend | what romantic gift for boyfriend | when romantic gift for boyfriend | why romantic gift for boyfriend | which romantic gift for boyfriend | who romantic gift for boyfriend
surprise gift for girlfriend instant,5,11,601,2,surprise gift for girlfriend | surprise gift for girlfriend  | surprise gift for girlfriend i | surprise gift for girlfriend n | surprise gift for girlfriend in | how surprise gift for girlfriend | what surprise gift for girlfriend | when surprise gift for girlfriend | why surprise gift for girlfriend | which surprise gift for girlfriend | who surprise gift for girlfriend
surprise gift for gf ideas,5,11,600,2,surprise gift for girlfriend c | surprise gift for girlfriend e | surprise gift for girlfriend g | surprise gift for girlfriend p | surprise gift for girlfriend r | surprise gift for girlfriend v | surprise gift for girlfriend w | surprise gift for girlfriend x | surprise gift for girlfriend z | surprise gift for girlfriend 2026 | surprise gift for girlfriend 2027
romantic gifts for boyfriend birthday under 500,7,10,601,2,romantic gift for boyfriend | romantic gift for boyfriend  | romantic gift for boyfriend b | romantic gift for boyfriend u | how romantic gift for boyfriend | what romantic gift for boyfriend | when romantic gift for boyfriend | why romantic gift for boyfriend | which romantic gift for boyfriend | who romantic gift for boyfriend
surprise gift for girlfriend quotes,5,10,601,5,surprise gift for girlfriend | surprise gift for girlfriend  | surprise gift for girlfriend l | surprise gift for girlfriend q | how surprise gift for girlfriend | what surprise gift for girlfriend | when surprise gift for girlfriend | why surprise gift for girlfriend | which surprise gift for girlfriend | who surprise gift for girlfriend
romantic gift for bf,4,10,551,3,romantic gift for boyfriend e | romantic gift for boyfriend g | romantic gift for boyfriend j | romantic gift for boyfriend k | romantic gift for boyfriend p | romantic gift for boyfriend u | romantic gift for boyfriend v | romantic gift for boyfriend x | romantic gift for boyfriend z | romantic gift for boyfriend 2026
surprise gift for girlfriend anniversary,5,9,1250,1,surprise gift for girlfriend | surprise gift for girlfriend  | surprise gift for girlfriend a | how surprise gift for girlfriend | what surprise gift for girlfriend | when surprise gift for girlfriend | why surprise gift for girlfriend | which surprise gift for girlfriend | who surprise gift for girlfriend
romantic gift for boyfriend anniversary,5,9,601,2,romantic gift for boyfriend | romantic gift for boyfriend  | romantic gift for boyfriend a | how romantic gift for boyfriend | what romantic gift for boyfriend | when romantic gift for boyfriend | why romantic gift for boyfriend | which romantic gift for boyfriend | who romantic gift for boyfriend
romantic gift for boyfriend christmas,5,9,601,1,romantic gift for boyfriend | romantic gift for boyfriend  | romantic gift for boyfriend c | how romantic gift for boyfriend | what romantic gift for boyfriend | when romantic gift for boyfriend | why romantic gift for boyfriend | which romantic gift for boyfriend | who romantic gift for boyfriend
romantic gift for boyfriend reddit,5,9,601,1,romantic gift for boyfriend | romantic gift for boyfriend  | romantic gift for boyfriend r | how romantic gift for boyfriend | what romantic gift for boyfriend | when romantic gift for boyfriend | why romantic gift for boyfriend | which romantic gift for boyfriend | who romantic gift for boyfriend
romantic gifts for boyfriend diy,5,9,601,1,romantic gift for boyfriend | romantic gift for boyfriend  | romantic gift for boyfriend d | how romantic gift for boyfriend | what romantic gift for boyfriend | when romantic gift for boyfriend | why romantic gift for boyfriend | which romantic gift for boyfriend | who romantic gift for boyfriend
surprise gift for girlfriend under 500,6,9,601,1,surprise gift for girlfriend | surprise gift for girlfriend  | surprise gift for girlfriend u | how surprise gift for girlfriend | what surprise gift for girlfriend | when surprise gift for girlfriend | why surprise gift for girlfriend | which surprise gift for girlfriend | who surprise gift for girlfriend
romantic gifts for boyfriend australia,5,9,600,2,romantic gift for boyfriend | romantic gift for boyfriend  | romantic gift for boyfriend a | how romantic gift for boyfriend | what romantic gift for boyfriend | when romantic gift for boyfriend | why romantic gift for boyfriend | which romantic gift for boyfriend | who romantic gift for boyfriend
surprise gift for girlfriend website,5,8,1251,2,surprise gift for girlfriend | surprise gift for girlfriend  | surprise gift for girlfriend w | how surprise gift for girlfriend | what surprise gift for girlfriend | why surprise gift for girlfriend | which surprise gift for girlfriend | who surprise gift for girlfriend
best gift for boyfriend handmade,5,8,1250,1,best gift for boyfriend | best gift for boyfriend  | best gift for boyfriend h | best gift for boyfriend maker | when best gift for boyfriend | why best gift for boyfriend | which best gift for boyfriend | who best gift for boyfriend
best gift for boyfriend on his birthday,7,8,1250,1,best gift for boyfriend | best gift for boyfriend  | best gift for boyfriend h | best gift for boyfriend o | best gift for boyfriend with | when best gift for boyfriend | why best gift for boyfriend | who best gift for boyfriend
best gift for boyfriend under 500,6,8,1250,2,best gift for boyfriend | best gift for boyfriend  | best gift for boyfriend u | how best gift for boyfriend | when best gift for boyfriend | why best gift for boyfriend | which best gift for boyfriend | who best gift for boyfriend
surprise gift for girlfriend link,5,8,1250,1,surprise gift for girlfriend | surprise gift for girlfriend  | surprise gift for girlfriend l | how surprise gift for girlfriend | what surprise gift for girlfriend | why surprise gift for girlfriend | which surprise gift for girlfriend | who surprise gift for girlfriend
best gift for boyfriend under 200,6,8,801,4,best gift for boyfriend | best gift for boyfriend  | best gift for boyfriend u | how best gift for boyfriend | when best gift for boyfriend | why best gift for boyfriend | which best gift for boyfriend | who best gift for boyfriend
surprise gifts for girlfriend reddit,5,8,601,1,surprise gift for girlfriend | surprise gift for girlfriend r | how surprise gift for girlfriend | what surprise gift for girlfriend | when surprise gift for girlfriend | why surprise gift for girlfriend | which surprise gift for girlfriend | who surprise gift for girlfriend
surprise gifts for girlfriend nearby,5,8,600,2,surprise gift for girlfriend | surprise gift for girlfriend n | how surprise gift for girlfriend | what surprise gift for girlfriend | when surprise gift for girlfriend | why surprise gift for girlfriend | which surprise gift for girlfriend | who surprise gift for girlfriend
surprise gift ideas for her,5,8,554,3,surprise gift for girlfriend e | surprise gift for girlfriend q | surprise gift for girlfriend r | surprise gift for girlfriend s | surprise gift for girlfriend v | surprise gift for girlfriend w | surprise gift for girlfriend y | surprise gift for girlfriend with
surprise gift for girlfriend status,5,8,552,5,surprise gift for girlfriend c | surprise gift for girlfriend e | surprise gift for girlfriend l | surprise gift for girlfriend q | surprise gift for girlfriend s | surprise gift for girlfriend w | surprise gift for girlfriend with | surprise gift for girlfriend for
best gift for boyfriend under 1000,6,7,1000,3,best gift for boyfriend | best gift for boyfriend  | best gift for boyfriend u | when best gift for boyfriend | why best gift for boyfriend | which best gift for boyfriend | who best gift for boyfriend
romantic gift for boyfriend,4,7,601,2,romantic gift for boyfriend  | romantic gift for boyfriend app | how romantic gift for boyfriend | when romantic gift for boyfriend | why romantic gift for boyfriend | which romantic gift for boyfriend | who romantic gift for boyfriend
what is the best romantic gift for boyfriend,8,7,600,2,romantic gift for boyfriend t | how romantic gift for boyfriend | what romantic gift for boyfriend | when romantic gift for boyfriend | why romantic gift for boyfriend | which romantic gift for boyfriend | who romantic gift for boyfriend
best surprise gift for girlfriend on valentine's day,8,7,560,5,surprise gift for girlfriend d | surprise gift for girlfriend o | surprise gift for girlfriend v | surprise gift for girlfriend best | surprise gift for girlfriend with | surprise gift for girlfriend for | surprise gift for girlfriend in
best gift for boyfriend birthday,5,6,1250,1,best gift for boyfriend | best gift for boyfriend  | best gift for boyfriend b | when best gift for boyfriend | why best gift for boyfriend | who best gift for boyfriend
surprise gift for girlfriend ideas,5,6,1250,1,surprise gift for girlfriend | surprise gift for girlfriend  | surprise gift for girlfriend i | surprise gift for girlfriend maker | surprise gift for girlfriend 2026 | surprise gift for girlfriend 2027
best gift for boyfriend grooming kits,6,6,601,2,best gift for boyfriend g | best gift for boyfriend k | when best gift for boyfriend | why best gift for boyfriend | which best gift for boyfriend | who best gift for boyfriend
best gift for boyfriend watches,5,6,601,1,best gift for boyfriend w | how best gift for boyfriend | when best gift for boyfriend | why best gift for boyfriend | which best gift for boyfriend | who best gift for boyfriend
surprise romantic gift for boyfriend in nigeria,7,6,601,1,romantic gift for boyfriend i | romantic gift for boyfriend n | romantic gift for boyfriend s | romantic gift for boyfriend with | romantic gift for boyfriend for | romantic gift for boyfriend in
best gift for boyfriend on anniversary,6,6,600,2,best gift for boyfriend o | best gift for boyfriend with | when best gift for boyfriend | why best gift for boyfriend | which best gift for boyfriend | who best gift for boyfriend
romantic gift for boyfriends,4,6,600,2,romantic gift for boyfriend j | romantic gift for boyfriend k | romantic gift for boyfriend free | romantic gift for boyfriend maker | romantic gift for boyfriend 2026 | romantic gift for boyfriend 2027
surprise romantic gift for boyfriend in south africa,8,6,600,2,romantic gift for boyfriend a | romantic gift for boyfriend i | romantic gift for boyfriend s | romantic gift for boyfriend with | romantic gift for boyfriend for | romantic gift for boyfriend in
best gift for boyfriend on valentine's day,7,6,562,3,best gift for boyfriend o | best gift for boyfriend with | when best gift for boyfriend | why best gift for boyfriend | which best gift for boyfriend | who best gift for boyfriend
surprise romantic gift for boyfriend on his birthday,8,6,562,3,romantic gift for boyfriend h | romantic gift for boyfriend o | romantic gift for boyfriend s | romantic gift for boyfriend with | romantic gift for boyfriend for | romantic gift for boyfriend in
romantic first gift for boyfriend in nigeria,7,6,560,5,romantic gift for boyfriend f | romantic gift for boyfriend i | romantic gift for boyfriend n | romantic gift for boyfriend with | romantic gift for boyfriend for | romantic gift for boyfriend in
romantic gift pack for boyfriend in sri lanka,8,6,560,5,romantic gift for boyfriend i | romantic gift for boyfriend l | romantic gift for boyfriend p | romantic gift for boyfriend with | romantic gift for boyfriend for | romantic gift for boyfriend in
best surprise gift for girlfriend on anniversary,7,6,559,6,surprise gift for girlfriend a | surprise gift for girlfriend o | surprise gift for girlfriend best | surprise gift for girlfriend with | surprise gift for girlfriend for | surprise gift for girlfriend in
romantic first gift for boyfriend on his birthday,8,6,559,5,romantic gift for boyfriend f | romantic gift for boyfriend h | romantic gift for boyfriend o | romantic gift for boyfriend with | romantic gift for boyfriend for | romantic gift for boyfriend in
best gift for boyfriend christmas,5,5,601,1,best gift for boyfriend c | when best gift for boyfriend | why best gift for boyfriend | which best gift for boyfriend | who best gift for boyfriend
romantic gift for boyfriend on his birthday,7,5,601,1,romantic gift for boyfriend h | romantic gift for boyfriend o | romantic gift for boyfriend with | romantic gift for boyfriend for | romantic gift for boyfriend in
what is surprise gift for girlfriend,6,5,601,1,surprise gift for girlfriend i | surprise gift for girlfriend w | how surprise gift for girlfriend | what surprise gift for girlfriend | is it surprise gift for girlfriend
surprise birthday gift for girlfriend in india,7,5,600,3,surprise gift for girlfriend i | surprise gift for girlfriend n | surprise gift for girlfriend with | surprise gift for girlfriend for | surprise gift for girlfriend in
what is best surprise gift for girlfriend,7,5,600,2,surprise gift for girlfriend i | surprise gift for girlfriend w | how surprise gift for girlfriend | what surprise gift for girlfriend | is it surprise gift for girlfriend
best gift for boyfriend wallets,5,5,562,3,best gift for boyfriend w | when best gift for boyfriend | why best gift for boyfriend | which best gift for boyfriend | who best gift for boyfriend
surprise romantic gift for boyfriend in india,7,5,562,3,romantic gift for boyfriend i | romantic gift for boyfriend s | romantic gift for boyfriend with | romantic gift for boyfriend for | romantic gift for boyfriend in
surprise romantic gift for boyfriend in nigeria on his birthday,10,5,561,4,romantic gift for boyfriend h | romantic gift for boyfriend i | romantic gift for boyfriend n | romantic gift for boyfriend o | romantic gift for boyfriend in
romantic birthday gifts for boyfriend in nigeria,7,5,557,8,romantic gift for boyfriend i | romantic gift for boyfriend n | romantic gift for boyfriend with | romantic gift for boyfriend for | romantic gift for boyfriend in
useful gifts for boyfriend,4,5,557,4,best gift for boyfriend x | best gift for boyfriend z | best gift for boyfriend best | best gift for boyfriend online | best gift for boyfriend app
what to give gifts for girlfriend,6,5,553,5,surprise gift for girlfriend g | surprise gift for girlfriend p | surprise gift for girlfriend t | surprise gift for girlfriend for | is it surprise gift for girlfriend
what is the most romantic gift for boyfriend,8,5,551,14,how romantic gift for boyfriend | when romantic gift for boyfriend | why romantic gift for boyfriend | which romantic gift for boyfriend | who romantic gift for boyfriend
best gift for boyfriend reddit,5,4,1250,1,best gift for boyfriend r | when best gift for boyfriend | why best gift for boyfriend | which best gift for boyfriend
best gift for boyfriend in anniversary,6,4,1100,1,best gift for boyfriend | best gift for boyfriend  | best gift for boyfriend i | best gift for boyfriend in
best gift for boyfriend in low budget,7,4,850,4,best gift for boyfriend i | best gift for boyfriend l | best gift for boyfriend with | best gift for boyfriend in
romantic birthday gift for boyfriend who has everything,8,4,601,1,romantic gift for boyfriend b | romantic gift for boyfriend e | romantic gift for boyfriend h | romantic gift for boyfriend w
romantic gift for boyfriend handmade,5,4,601,1,romantic gift for boyfriend j | romantic gift for boyfriend v | romantic gift for boyfriend free | romantic gift for boyfriend maker
surprise gift for girl best friend,6,4,601,1,surprise gift for girlfriend  | surprise gift for girlfriend b | surprise gift for girlfriend f | surprise gift for girlfriend best
which is the best surprise gift for girlfriend impress,9,4,601,1,surprise gift for girlfriend i | surprise gift for girlfriend t | surprise gift for girlfriend w | which surprise gift for girlfriend
romantic ideas for boyfriend at home,6,4,600,2,romantic gift for boyfriend a | romantic gift for boyfriend h | romantic gift for boyfriend for | romantic gift for boyfriend in
surprise gift for girlfriend on birthday,6,4,600,3,surprise gift for girlfriend o | surprise gift for girlfriend with | surprise gift for girlfriend for | surprise gift for girlfriend in
best gift for boyfriend on first meet,7,4,561,4,best gift for boyfriend | best gift for boyfriend  | best gift for boyfriend o | best gift for boyfriend with
romantic gifts for boyfriend on anniversary,6,4,561,3,romantic gift for boyfriend o | romantic gift for boyfriend with | romantic gift for boyfriend for | romantic gift for boyfriend in
surprise gift for her meaning in hindi,7,4,561,4,surprise gift for girlfriend h | surprise gift for girlfriend i | surprise gift for girlfriend m | surprise gift for girlfriend in
surprise gift for her love meaning in malayalam,8,4,560,4,surprise gift for girlfriend i | surprise gift for girlfriend l | surprise gift for girlfriend m | surprise gift for girlfriend in
best surprise gift for girlfriend on her birthday in india,10,4,559,6,surprise gift for girlfriend h | surprise gift for girlfriend i | surprise gift for girlfriend o | surprise gift for girlfriend best
romantic birthday gifts for boyfriend in south africa,8,4,558,7,romantic gift for boyfriend i | romantic gift for boyfriend with | romantic gift for boyfriend for | romantic gift for boyfriend in
what are good gift ideas for boyfriend,7,4,556,3,best gift for boyfriend x | best gift for boyfriend z | best gift for boyfriend best | best gift for boyfriend app
best gift for boyfriends mom,5,4,553,12,when best gift for boyfriend | why best gift for boyfriend | which best gift for boyfriend | who best gift for boyfriend
unique romantic gifts for boyfriend,5,4,552,13,when romantic gift for boyfriend | why romantic gift for boyfriend | which romantic gift for boyfriend | who romantic gift for boyfriend
best gift for boyfriend under 5000,6,3,1251,1,best gift for boyfriend | best gift for boyfriend  | best gift for boyfriend u
best gift for boyfriend ideas,5,3,950,2,best gift for boyfriend | best gift for boyfriend  | best gift for boyfriend i
best gift for boyfriend under 2000,6,3,800,5,best gift for boyfriend | best gift for boyfriend  | best gift for boyfriend u
best gift for boyfriend under 300,6,3,700,6,best gift for boyfriend | best gift for boyfriend  | best gift for boyfriend u
best gift for boyfriend under 10000,6,3,650,7,best gift for boyfriend | best gift for boyfriend  | best gift for boyfriend u
best gift for boyfriend under 100,6,3,602,8,best gift for boyfriend | best gift for boyfriend  | best gift for boyfriend u
best gift for boyfriend,4,3,601,1,when best gift for boyfriend | why best gift for boyfriend | who best gift for boyfriend
best gift for boyfriend birthday under 500,7,3,601,2,best gift for boyfriend | best gift for boyfriend  | best gift for boyfriend b
best gift for boyfriend on his birthday under 200,9,3,601,2,best gift for boyfriend h | best gift for boyfriend o | best gift for boyfriend with
best gift for boyfriend who has everything,7,3,601,1,best gift for boyfriend h | best gift for boyfriend w | who best gift for boyfriend
unexpected surprise gift status in english for girlfriend,8,3,601,1,surprise gift for girlfriend e | surprise gift for girlfriend s | surprise gift for girlfriend u
a good surprise gift for my girlfriend,7,3,600,2,surprise gift for girlfriend a | surprise gift for girlfriend g | surprise gift for girlfriend m
best gift for boyfriend list,5,3,600,2,best gift for boyfriend l | best gift for boyfriend x | best gift for boyfriend 2027
best gift for boyfriend on his birthday under 500,9,3,600,3,best gift for boyfriend h | best gift for boyfriend o | best gift for boyfriend with
surprise romantic gift for boyfriend long distance,7,3,600,2,romantic gift for boyfriend d | romantic gift for boyfriend l | romantic gift for boyfriend s
surprise gift for her meaning in malayalam,7,3,562,3,surprise gift for girlfriend i | surprise gift for girlfriend m | surprise gift for girlfriend in
what is best gift for boyfriend on valentine day,9,3,562,3,how best gift for boyfriend | what best gift for boyfriend | is it best gift for boyfriend
best surprise gift for girlfriend on her birthday,8,3,560,5,surprise gift for girlfriend h | surprise gift for girlfriend o | surprise gift for girlfriend best
romantic homemade gift ideas for boyfriend valentines day,8,3,560,3,romantic gift for boyfriend d | romantic gift for boyfriend h | romantic gift for boyfriend v
best surprise gift for girlfriend long distance,7,3,559,6,surprise gift for girlfriend d | surprise gift for girlfriend l | surprise gift for girlfriend best
what is the best gift for boyfriend on anniversary,9,3,559,6,how best gift for boyfriend | what best gift for boyfriend | is it best gift for boyfriend
best surprise gift for girlfriend on her birthday amazon,9,3,558,7,surprise gift for girlfriend a | surprise gift for girlfriend h | surprise gift for girlfriend o
romantic homemade gift ideas for boyfriend birthday pinterest,8,3,558,7,romantic gift for boyfriend b | romantic gift for boyfriend h | romantic gift for boyfriend p
what is the best gift for boyfriend in 1st anniversary,10,3,558,7,how best gift for boyfriend | what best gift for boyfriend | is it best gift for boyfriend
best surprise gift for girlfriend on her birthday pinterest,9,3,557,8,surprise gift for girlfriend h | surprise gift for girlfriend o | surprise gift for girlfriend p
what is the best gift for boyfriend on christmas,9,3,557,8,how best gift for boyfriend | what best gift for boyfriend | is it best gift for boyfriend
best gift for boyfriend on love anniversary,7,3,556,9,best gift for boyfriend l | best gift for boyfriend o | best gift for boyfriend with
best surprise gift for girlfriend on her birthday in south africa,11,3,556,9,surprise gift for girlfriend h | surprise gift for girlfriend o | surprise gift for girlfriend s
best surprise gift for girlfriend on her birthday nearby,9,3,556,6,surprise gift for girlfriend h | surprise gift for girlfriend n | surprise gift for girlfriend o
best surprise gift for girlfriend on her birthday reddit,9,3,556,9,surprise gift for girlfriend h | surprise gift for girlfriend o | surprise gift for girlfriend r
romantic birthday gifts for boyfriend in india,7,3,556,9,romantic gift for boyfriend i | romantic gift for boyfriend with | romantic gift for boyfriend in
romantic homemade gift ideas for boyfriend birthday cheap,8,3,556,9,romantic gift for boyfriend b | romantic gift for boyfriend c | romantic gift for boyfriend h
what is the best gift for boyfriend on new year,10,3,556,9,how best gift for boyfriend | what best gift for boyfriend | is it best gift for boyfriend
what is the best gift for boyfriend on diwali,9,3,555,10,how best gift for boyfriend | what best gift for boyfriend | is it best gift for boyfriend
best gift for boyfriend quora,5,3,554,7,best gift for boyfriend q | best gift for boyfriend x | best gift for boyfriend z
most romantic gifts for him,5,3,554,11,why romantic gift for boyfriend | which romantic gift for boyfriend | who romantic gift for boyfriend
best gift for boyfriend expensive,5,2,1250,1,best gift for boyfriend e | best gift for boyfriend x
best gift for boyfriend for birthday,6,2,1250,1,best gift for boyfriend f | best gift for boyfriend for
best gift for boyfriend anniversary,5,2,1050,1,best gift for boyfriend a | best gift for boyfriend app
best gift for boyfriend in budget,6,2,852,2,best gift for boyfriend i | best gift for boyfriend in
best gift for boyfriend in his birthday,7,2,851,3,best gift for boyfriend i | best gift for boyfriend in
best gift for boyfriend according to vastu,7,2,601,2,best gift for boyfriend a | best gift for boyfriend v
best gift for boyfriend for 1 year anniversary,8,2,601,3,best gift for boyfriend f | best gift for boyfriend for
best gift for boyfriend in first meet,7,2,601,6,best gift for boyfriend i | best gift for boyfriend in
best gift for boyfriend new year,6,2,601,1,best gift for boyfriend n | best gift for boyfriend y
best romantic gift for boyfriend,5,2,601,1,romantic gift for boyfriend b | romantic gift for boyfriend best
love gift for boyfriend quotes,5,2,601,1,romantic gift for boyfriend | romantic gift for boyfriend q
online best surprise gift for girlfriend on her birthday,9,2,601,1,surprise gift for girlfriend h | surprise gift for girlfriend online
romantic birthday gift for boyfriend sri lanka,7,2,601,1,romantic gift for boyfriend l | romantic gift for boyfriend s
romantic gifts for boyfriend for christmas,6,2,601,1,romantic gift for boyfriend f | romantic gift for boyfriend for
romantic gifts for boyfriend valentine's day,6,2,601,1,romantic gift for boyfriend d | romantic gift for boyfriend v
surprise gift for fiance girl,5,2,601,1,surprise gift for girlfriend f | surprise gift for girlfriend 2026
surprise gift for gf birthday,5,2,601,2,surprise gift for girlfriend b | surprise gift for girlfriend z
surprise gift for girl child,5,2,601,1,surprise gift for girlfriend  | surprise gift for girlfriend c
surprise gift for my girlfriend,5,2,601,1,surprise gift for girlfriend m | surprise gift for girlfriend maker
surprise romantic gift for boyfriend pinterest,6,2,601,1,romantic gift for boyfriend p | romantic gift for boyfriend s
surprise romantic gift for boyfriend under 250,7,2,601,1,romantic gift for boyfriend s | romantic gift for boyfriend u
what best gift for boyfriend on his birthday,8,2,601,1,how best gift for boyfriend | what best gift for boyfriend
best gift for boyfriend for anniversary,6,2,600,4,best gift for boyfriend f | best gift for boyfriend for
best gift for boyfriend in valentine's day,7,2,600,7,best gift for boyfriend i | best gift for boyfriend in
best gift for male boyfriend,5,2,600,2,best gift for boyfriend m | best gift for boyfriend maker
best romantic valentine gift for boyfriend,6,2,600,2,romantic gift for boyfriend v | romantic gift for boyfriend best
love gift for boyfriend birthday,5,2,600,3,romantic gift for boyfriend | romantic gift for boyfriend b
romantic gift ideas for boyfriend christmas,6,2,600,2,romantic gift for boyfriend c | romantic gift for boyfriend i
romantic gift to boyfriend,4,2,600,2,romantic gift for boyfriend t | romantic gift for boyfriend for
romantic gifts for boyfriend for valentine's day,7,2,600,2,romantic gift for boyfriend f | romantic gift for boyfriend for
romantic homemade gift ideas for boyfriend reddit,7,2,600,2,romantic gift for boyfriend h | romantic gift for boyfriend r
romantic ideas with boyfriend,4,2,600,2,romantic gift for boyfriend w | romantic gift for boyfriend with
romantic valentine's day gift for him,6,2,600,2,romantic gift for boyfriend d | romantic gift for boyfriend v
short surprise gift quotes for girlfriend,6,2,600,2,surprise gift for girlfriend q | surprise gift for girlfriend s
surprise gift for girl bestie,5,2,600,2,surprise gift for girlfriend b | surprise gift for girlfriend best
surprise gift for girlfriend on her birthday,7,2,600,2,surprise gift for girlfriend b | surprise gift for girlfriend h
surprise gift for girlfriend under 200,6,2,600,2,surprise gift for girlfriend u | surprise gift for girlfriend 2027
surprise gift for my girlfriend birthday,6,2,600,2,surprise gift for girlfriend b | surprise gift for girlfriend m
surprise gift to girlfriend,4,2,600,2,surprise gift for girlfriend t | surprise gift for girlfriend for
surprise ideas for girlfriend long distance,6,2,600,3,surprise gift for girlfriend d | surprise gift for girlfriend l
surprise romantic gift for boyfriend under 150,7,2,600,2,romantic gift for boyfriend s | romantic gift for boyfriend u
what good gift for boyfriend,5,2,600,2,how best gift for boyfriend | what best gift for boyfriend
birthday surprise gift for girl best friend,7,2,562,3,surprise gift for girlfriend f | surprise gift for girlfriend best
what best gift for men,5,2,562,3,how best gift for boyfriend | what best gift for boyfriend
best gift for boyfriend accessories,5,2,561,4,best gift for boyfriend a | best gift for boyfriend x
best gift for boyfriend pinterest,5,2,561,4,best gift for boyfriend p | best gift for boyfriend z
best gift for boyfriend shirt,5,2,561,4,best gift for boyfriend s | best gift for boyfriend z
romantic ideas for boyfriend birthday,5,2,561,4,romantic gift for boyfriend | romantic gift for boyfriend b
what's the best gift for boyfriend's birthday,7,2,561,4,how best gift for boyfriend | what best gift for boyfriend
best gift for boyfriend combo,5,2,560,5,best gift for boyfriend c | best gift for boyfriend x
best gift for boyfriend on his birthday ideas,8,2,560,5,best gift for boyfriend o | best gift for boyfriend with
birthday surprise ideas for girlfriend in hyderabad,7,2,560,5,surprise gift for girlfriend i | surprise gift for girlfriend in
romantic birthday gifts for boyfriend long distance,7,2,560,3,romantic gift for boyfriend d | romantic gift for boyfriend l
romantic perfect gift for your boyfriend,6,2,560,5,romantic gift for boyfriend p | romantic gift for boyfriend y
best gift for boyfriend for his birthday,7,2,559,6,best gift for boyfriend best | best gift for boyfriend for
best gift for boyfriend on christmas,6,2,559,6,best gift for boyfriend o | best gift for boyfriend with
best surprise gift for my girlfriend,6,2,559,6,surprise gift for girlfriend m | surprise gift for girlfriend best
romantic gift ideas for boyfriend birthday,6,2,559,6,romantic gift for boyfriend b | romantic gift for boyfriend i
surprise gift for sister on her wedding,7,2,559,4,surprise gift for girlfriend o | surprise gift for girlfriend w
surprise sorry gift ideas for girlfriend,6,2,559,6,surprise gift for girlfriend i | surprise gift for girlfriend s
best gift for boyfriend in christmas,6,2,558,7,best gift for boyfriend i | best gift for boyfriend in
best gift for boyfriend who loves cars,7,2,558,7,best gift for boyfriend l | best gift for boyfriend w
birthday surprise ideas for girlfriend in mumbai,7,2,558,7,surprise gift for girlfriend i | surprise gift for girlfriend in
romantic anniversary gift for boyfriend 2 years,7,2,558,7,romantic gift for boyfriend a | romantic gift for boyfriend y
romantic gift card message for boyfriend,6,2,558,7,romantic gift for boyfriend c | romantic gift for boyfriend m
romantic lovers day gift for boyfriend,6,2,558,7,romantic gift for boyfriend d | romantic gift for boyfriend l
romantic unique gift for boyfriend birthday,6,2,558,7,romantic gift for boyfriend b | romantic gift for boyfriend u
surprise romantic gift for boyfriend nearby,6,2,558,3,romantic gift for boyfriend n | romantic gift for boyfriend s
unexpected surprise gift status for girlfriend,6,2,558,7,surprise gift for girlfriend s | surprise gift for girlfriend u
valentine's day surprise romantic gift for boyfriend,7,2,558,5,romantic gift for boyfriend d | romantic gift for boyfriend v
best gift for bf in his birthday,7,2,557,8,best gift for boyfriend i | best gift for boyfriend in
best gift for boyfriend on new year,7,2,557,8,best gift for boyfriend o | best gift for boyfriend with
best gift for men grooming kits,6,2,557,8,best gift for boyfriend g | best gift for boyfriend k
romantic first anniversary gift for boyfriend,6,2,557,7,romantic gift for boyfriend a | romantic gift for boyfriend f
romantic first christmas gift for boyfriend,6,2,557,8,romantic gift for boyfriend c | romantic gift for boyfriend f
romantic homemade gift ideas for boyfriend birthday,7,2,557,8,romantic gift for boyfriend b | romantic gift for boyfriend h
surprise gift from girlfriend quotes,5,2,557,4,surprise gift for girlfriend f | surprise gift for girlfriend for
surprise new year gift for girlfriend,6,2,557,5,surprise gift for girlfriend n | surprise gift for girlfriend y
surprise romantic gift for boyfriend anniversary,6,2,557,5,romantic gift for boyfriend a | romantic gift for boyfriend s
best gift for indian boyfriend,5,2,556,9,best gift for boyfriend i | best gift for boyfriend in
romantic father's day gift for boyfriend,6,2,556,9,romantic gift for boyfriend d | romantic gift for boyfriend f
romantic gift ideas for boyfriend anniversary,6,2,556,6,romantic gift for boyfriend a | romantic gift for boyfriend i
what will be best gift for boyfriend,7,2,556,9,how best gift for boyfriend | what best gift for boyfriend
best gift for boyfriend on father's day,7,2,555,10,best gift for boyfriend o | best gift for boyfriend with
best gift for men in pakistan,6,2,555,10,best gift for boyfriend i | best gift for boyfriend in
caption for surprise gift from girlfriend,6,2,555,7,surprise gift for girlfriend c | surprise gift for girlfriend f
girl best surprise gift for girlfriend on her birthday,9,2,555,3,surprise gift for girlfriend g | surprise gift for girlfriend h
love gift for boyfriend,4,2,555,10,romantic gift for boyfriend | romantic gift for boyfriend 
necklaces best surprise gift for girlfriend on her birthday,9,2,555,7,surprise gift for girlfriend h | surprise gift for girlfriend n
romantic long distance relationship gift ideas for boyfriend,8,2,555,4,romantic gift for boyfriend l | romantic gift for boyfriend r
romantic wallet gift message for boyfriend,6,2,555,4,romantic gift for boyfriend m | romantic gift for boyfriend w
what's a good surprise gift for your girlfriend,8,2,555,8,surprise gift for girlfriend a | surprise gift for girlfriend w
best gift for men from japan,6,2,554,10,best gift for boyfriend f | best gift for boyfriend j
best gift for men in 30s,6,2,554,11,best gift for boyfriend i | best gift for boyfriend in
online gift ideas for boyfriend,5,2,554,3,best gift for boyfriend online | best gift for boyfriend app
romantic gift box for boyfriend,5,2,554,11,romantic gift for boyfriend b | romantic gift for boyfriend maker
romantic present for boyfriend,4,2,554,11,romantic gift for boyfriend | romantic gift for boyfriend 
best gift for boyfriend and girlfriend,6,2,553,8,best gift for boyfriend n | best gift for boyfriend app
best gift for men in anniversary,6,2,553,12,best gift for boyfriend i | best gift for boyfriend in
romantic homemade gift ideas for boyfriend,6,2,553,12,romantic gift for boyfriend i | how romantic gift for boyfriend
romantic ideas for boyfriend,4,2,553,12,romantic gift for boyfriend | romantic gift for boyfriend 
surprise girlfriend birthday gift,4,2,553,8,surprise gift for girlfriend b | surprise gift for girlfriend f
best gift for boyfriend unique,5,2,552,13,best gift for boyfriend q | best gift for boyfriend u
romantic new year gift for boyfriend,6,2,552,9,romantic gift for boyfriend n | romantic gift for boyfriend y
10 romantic gift ideas for your boyfriend in nigeria,9,2,551,14,romantic gift for boyfriend n | romantic gift for boyfriend y
best gift for boyfriend on boyfriend day,7,2,551,14,best gift for boyfriend best | best gift for boyfriend online
best gift for boyfriend suggestions,5,2,551,6,best gift for boyfriend q | best gift for boyfriend 2027
best valentine gift for boyfriend reddit,6,2,551,14,best gift for boyfriend r | best gift for boyfriend v
best gift for boyfriend day,5,1,1250,1,best gift for boyfriend d
best gift for boyfriend first meet,6,1,1250,1,best gift for boyfriend f
best gift for boyfriend monthsary,5,1,1250,1,best gift for boyfriend m
best gift for boyfriend going abroad,6,1,1200,1,best gift for boyfriend g
best gift for best boy friend,6,1,601,1,best gift for boyfriend best
best gift for boyfriend diy,5,1,601,2,best gift for boyfriend d
best gift for boyfriend experiences,5,1,601,2,best gift for boyfriend e
best gift for boyfriend homemade,5,1,601,2,best gift for boyfriend h
best gift for boyfriend keychain,5,1,601,1,best gift for boyfriend k
best gift for boyfriend long distance,6,1,601,1,best gift for boyfriend l
best gift for boyfriend personalized gifts,6,1,601,1,best gift for boyfriend p
best gift for boyfriend quotes,5,1,601,1,best gift for boyfriend q
best gift for boyfriend reddit ph,6,1,601,2,best gift for boyfriend r
best gift for boyfriend silver,5,1,601,1,best gift for boyfriend s
best gift for boyfriend this christmas,6,1,601,1,best gift for boyfriend t
best gift for boyfriend under ₹400,6,1,601,9,best gift for boyfriend u
best gift for boyfriend valentine,5,1,601,1,best gift for boyfriend v
best gift for boyfriend's mother,5,1,601,2,best gift for boyfriend m
best gift for men 2026,5,1,601,1,best gift for boyfriend 2026
best gift for men apparel,5,1,601,1,best gift for boyfriend app
best gift for men online,5,1,601,1,best gift for boyfriend online
best gift for men zepto,5,1,601,1,best gift for boyfriend z
best gift for your boyfriend,5,1,601,1,best gift for boyfriend y
best gift making for boyfriend,5,1,601,1,best gift for boyfriend maker
best gifts for boyfriend just because,6,1,601,1,best gift for boyfriend j
best gifts for boyfriend xmas,5,1,601,1,best gift for boyfriend x
best gifts for men 2027,5,1,601,1,best gift for boyfriend 2027
good surprise gift for girlfriend,5,1,601,1,surprise gift for girlfriend g
handmade surprise gift for girlfriend,5,1,601,1,surprise gift for girlfriend h
romantic birthday gift for lover girl,6,1,601,1,romantic gift for boyfriend g
romantic experience gifts for boyfriend,5,1,601,1,romantic gift for boyfriend e
romantic gift for my boyfriend,5,1,601,1,romantic gift for boyfriend m
romantic gift for new boyfriend,5,1,601,1,romantic gift for boyfriend n
romantic gift for your boyfriend,5,1,601,1,romantic gift for boyfriend y
romantic gifts for teen boyfriend,5,1,601,1,romantic gift for boyfriend t
romantic xmas gifts for boyfriend,5,1,601,1,romantic gift for boyfriend x
surprise gift for ldr girlfriend,5,1,601,2,surprise gift for girlfriend l
surprise gift for pregnant women,5,1,601,1,surprise gift for girlfriend p
surprise gift for teenage girl,5,1,601,1,surprise gift for girlfriend t
surprise gift for women's day,5,1,601,1,surprise gift for girlfriend d
surprise gift for your girlfriend,5,1,601,1,surprise gift for girlfriend y
surprise gift service girlfriend day,5,1,601,1,surprise gift for girlfriend s
what are romantic gifts for boyfriend,6,1,601,1,what romantic gift for boyfriend
what best gift for boyfriend,5,1,601,1,how best gift for boyfriend
what is best gift for boyfriend,6,1,601,1,is it best gift for boyfriend
which best gift for men,5,1,601,1,which best gift for boyfriend
20 best gifts for boyfriend,5,1,600,2,best gift for boyfriend 2027
best birthday gift for men apparel,6,1,600,2,best gift for boyfriend app
best gift for boyfriend according to astrology,7,1,600,3,best gift for boyfriend a
best gift for boyfriend birthday under 250,7,1,600,3,best gift for boyfriend b
best gift for boyfriend clothing,5,1,600,2,best gift for boyfriend c
best gift for boyfriend memorable,5,1,600,3,best gift for boyfriend m
best gift for boyfriend philippines,5,1,600,2,best gift for boyfriend p
best gift for boyfriend this valentine's day,7,1,600,2,best gift for boyfriend t
best gift for boyfriend useful,5,1,600,10,best gift for boyfriend u
best gift for boyfriend's graduation,5,1,600,3,best gift for boyfriend g
best gift for boyfriend's sister,5,1,600,2,best gift for boyfriend s
best gift for ex boyfriend on his birthday,8,1,600,3,best gift for boyfriend e
best gift for gen z men,6,1,600,2,best gift for boyfriend z
best gift for him 2026,5,1,600,2,best gift for boyfriend 2026
best gift for japanese boyfriend,5,1,600,2,best gift for boyfriend j
best gift for korean boyfriend,5,1,600,2,best gift for boyfriend k
best gift for men best friend,6,1,600,2,best gift for boyfriend best
best gift for men qatar,5,1,600,2,best gift for boyfriend q
best gift for men xmas,5,1,600,2,best gift for boyfriend x
best gift for rider boyfriend,5,1,600,3,best gift for boyfriend r
best gift for virgo boyfriend,5,1,600,2,best gift for boyfriend v
best gift for your boyfriend on his birthday,8,1,600,2,best gift for boyfriend y
best gifts for boyfriend dad,5,1,600,3,best gift for boyfriend d
best gifts for boyfriend nearby,5,1,600,2,best gift for boyfriend n
best gifts for boyfriend/husband,4,1,600,3,best gift for boyfriend h
cute surprise gift for girlfriend,5,1,600,2,surprise gift for girlfriend c
online best gift for boyfriend on his birthday,8,1,600,2,best gift for boyfriend online
perfect surprise gift for girlfriend,5,1,600,2,surprise gift for girlfriend p
romantic birthday gifts for boyfriend pinterest,6,1,600,2,romantic gift for boyfriend p
romantic birthday ideas for boyfriend getaway,6,1,600,2,romantic gift for boyfriend g
romantic gift for fiance male,5,1,600,2,romantic gift for boyfriend maker
romantic gift from boyfriend,4,1,600,2,romantic gift for boyfriend f
romantic gifts for nerdy boyfriend,5,1,600,2,romantic gift for boyfriend n
romantic ideas for my boyfriend,5,1,600,2,romantic gift for boyfriend m
romantic ideas for your boyfriend,5,1,600,2,romantic gift for boyfriend y
small surprise gift for girlfriend,5,1,600,2,surprise gift for girlfriend s
surprise gift for a girlfriend,5,1,600,3,surprise gift for girlfriend a
surprise gift for friend girl,5,1,600,2,surprise gift for girlfriend f
surprise gift service for girlfriend day,6,1,600,2,surprise gift for girlfriend d
surprise ideas for your girlfriend,5,1,600,2,surprise gift for girlfriend y
surprise romantic gift for boyfriend,5,1,600,2,romantic gift for boyfriend s
surprise romantic gift for girlfriend,5,1,600,2,surprise gift for girlfriend r
unique surprise gift for girlfriend,5,1,600,2,surprise gift for girlfriend u
what is best gift for boyfriend on his birthday,9,1,600,2,is it best gift for boyfriend
which is the best gift for boyfriend on his birthday,10,1,600,2,which best gift for boyfriend
best birthday gift for best boyfriend,6,1,562,3,best gift for boyfriend best
best gift for boyfriend cheap,5,1,562,3,best gift for boyfriend c
best gift for boyfriend luxury,5,1,562,3,best gift for boyfriend l
best gift for boyfriend simple,5,1,562,3,best gift for boyfriend s
best gift for boyfriend that has everything,7,1,562,3,best gift for boyfriend t
best gift for boyfriend's parents,5,1,562,3,best gift for boyfriend p
best gift for men valentine's day,6,1,562,3,best gift for boyfriend v
best gift for new boyfriend,5,1,562,3,best gift for boyfriend n
best gift for your boyfriend birthday,6,1,562,3,best gift for boyfriend y
best gifts for men 2026 birthday,6,1,562,3,best gift for boyfriend 2026
holi surprise gift for girlfriend,5,1,562,3,surprise gift for girlfriend h
love anniversary gift for boyfriend handmade,6,1,562,3,romantic gift for boyfriend h
love gift for my boyfriend,5,1,562,3,romantic gift for boyfriend m
romantic birthday gift for your boyfriend,6,1,562,3,romantic gift for boyfriend y
romantic birthday gifts for boyfriend cheap,6,1,562,3,romantic gift for boyfriend c
romantic homemade gift ideas for boyfriend pinterest,7,1,562,3,romantic gift for boyfriend p
simple surprise gift for girlfriend,5,1,562,3,surprise gift for girlfriend s
surprise romantic gift for boyfriend under ₹ 450,8,1,562,3,romantic gift for boyfriend u
which is the best gift for boyfriend birthday,8,1,562,3,which best gift for boyfriend
best birthday gift for men best friend,7,1,561,4,best gift for boyfriend best
best gift for boyfriend birthday under ₹ 1000,8,1,561,4,best gift for boyfriend b
best gift for boyfriend christmas 2025,6,1,561,4,best gift for boyfriend c
best gift for boyfriend for valentine's day,7,1,561,4,best gift for boyfriend for
best gift for boyfriend gadgets,5,1,561,4,best gift for boyfriend g
best gift for boyfriend marriage,5,1,561,4,best gift for boyfriend m
best gift for boyfriend travel,5,1,561,4,best gift for boyfriend t
best gift for boyfriend who doesn t want anything,9,1,561,4,best gift for boyfriend w
best gift for dj boyfriend,5,1,561,4,best gift for boyfriend d
best gift for ex boyfriend,5,1,561,4,best gift for boyfriend e
best gift for her boyfriend,5,1,561,4,best gift for boyfriend h
best gift for him valentines,5,1,561,4,best gift for boyfriend v
best gift for lawyer boyfriend,5,1,561,4,best gift for boyfriend l
best gift for men jewellery,5,1,561,3,best gift for boyfriend j
best gift for nerdy boyfriend,5,1,561,4,best gift for boyfriend n
best gift for rich boyfriend,5,1,561,4,best gift for boyfriend r
best gift for your boyfriend on valentine's day,8,1,561,4,best gift for boyfriend y
best gifts for men 2026 amazon,6,1,561,4,best gift for boyfriend 2026
best valentine gift for boyfriend kids,6,1,561,4,best gift for boyfriend k
birthday surprise ideas for girl best friend,7,1,561,4,surprise gift for girlfriend best
romantic birthday gift for my boyfriend,6,1,561,4,romantic gift for boyfriend m
romantic gift ideas for your boyfriend,6,1,561,4,romantic gift for boyfriend y
romantic homemade gift ideas for boyfriend christmas,7,1,561,4,romantic gift for boyfriend c
romantic personalized gift for boyfriend,5,1,561,4,romantic gift for boyfriend p
surprise gift service for girlfriend,5,1,561,4,surprise gift for girlfriend s
what is best gift for boyfriend birthday,7,1,561,4,is it best gift for boyfriend
best gift for best friend boy under 200,8,1,560,5,best gift for boyfriend best
best gift for bf mom,5,1,560,5,best gift for boyfriend m
best gift for boyfriend affordable,5,1,560,5,best gift for boyfriend a
best gift for boyfriend birthday in india,7,1,560,5,best gift for boyfriend b
best gift for boyfriend flipkart,5,1,560,5,best gift for boyfriend f
best gift for boyfriend for christmas,6,1,560,5,best gift for boyfriend for
best gift for boyfriend gamer,5,1,560,5,best gift for boyfriend g
best gift for boyfriend perfume,5,1,560,5,best gift for boyfriend p
best gift for boyfriend turning 30,6,1,560,5,best gift for boyfriend t
best gift for boyfriend with meaning,6,1,560,5,best gift for boyfriend w
best gift for doctor boyfriend,5,1,560,5,best gift for boyfriend d
best gift for engineer boyfriend,5,1,560,5,best gift for boyfriend e
best gift for krishna lover,5,1,560,5,best gift for boyfriend k
best gift for men husband,5,1,560,5,best gift for boyfriend h
best gift for men jacket,5,1,560,4,best gift for boyfriend j
best gift for men luxury,5,1,560,5,best gift for boyfriend l
best gift for men valentines,5,1,560,5,best gift for boyfriend v
best gift for new boyfriend birthday,6,1,560,5,best gift for boyfriend n
best gift for runner boyfriend,5,1,560,5,best gift for boyfriend r
best gift for seaman boyfriend,5,1,560,5,best gift for boyfriend s
best gift for your boyfriend mother,6,1,560,5,best gift for boyfriend y
best gifts for men 2026 uk,6,1,560,5,best gift for boyfriend 2026
best surprise gift for girlfriend,5,1,560,5,surprise gift for girlfriend best
cute romantic gift for boyfriend,5,1,560,5,romantic gift for boyfriend c
handmade romantic gift for boyfriend,5,1,560,5,romantic gift for boyfriend h
is watch good gift for boyfriend,6,1,560,5,is it best gift for boyfriend
love anniversary gift for boyfriend under 150,7,1,560,5,romantic gift for boyfriend u
romantic first gift for boyfriend,5,1,560,4,romantic gift for boyfriend f
romantic valentine gift for my boyfriend,6,1,560,5,romantic gift for boyfriend m
surprise ideas for girlfriend birthday,5,1,560,5,surprise gift for girlfriend b
surprise ideas for my girlfriend,5,1,560,5,surprise gift for girlfriend m
surprise romantic gift for boyfriend birthday,6,1,560,5,romantic gift for boyfriend b
sweet surprise gifts for girlfriend,5,1,560,5,surprise gift for girlfriend s
best gift for best friend marriage boy,7,1,559,6,best gift for boyfriend best
best gift for boyfriend books,5,1,559,6,best gift for boyfriend b
best gift for boyfriend on his 21st birthday,8,1,559,6,best gift for boyfriend o
best gift for boyfriend photo frames,6,1,559,6,best gift for boyfriend p
best gift for boyfriend who loves motorcycle,7,1,559,6,best gift for boyfriend w
best gift for chinese boyfriend,5,1,559,6,best gift for boyfriend c
best gift for daughter's boyfriend,5,1,559,6,best gift for boyfriend d
best gift for ex boyfriend on his marriage,8,1,559,6,best gift for boyfriend e
best gift for gym boyfriend,5,1,559,6,best gift for boyfriend g
best gift for him valentines day,6,1,559,6,best gift for boyfriend v
best gift for korean men,5,1,559,6,best gift for boyfriend k
best gift for men hamper,5,1,559,6,best gift for boyfriend h
best gift for men list,5,1,559,6,best gift for boyfriend l
best gift for men reddit,5,1,559,6,best gift for boyfriend r
best gift for navy boyfriend,5,1,559,6,best gift for boyfriend n
best gift for sailor boyfriend,5,1,559,6,best gift for boyfriend s
best gift for your boyfriend on his graduation,8,1,559,6,best gift for boyfriend y
best gifts for boyfriend amazon,5,1,559,6,best gift for boyfriend a
best gifts for boyfriend from amazon,6,1,559,6,best gift for boyfriend f
best gifts for boyfriend meaningful,5,1,559,6,best gift for boyfriend m
best gifts for boyfriend turning 25,6,1,559,6,best gift for boyfriend t
best gifts for men 2026 reddit,6,1,559,6,best gift for boyfriend 2026
best valentine gift for boyfriend jewelry,6,1,559,5,best gift for boyfriend j
creative romantic gift for boyfriend,5,1,559,6,romantic gift for boyfriend c
love anniversary gift for boyfriend under 200,7,1,559,6,romantic gift for boyfriend u
nice surprise gift for girlfriend,5,1,559,3,surprise gift for girlfriend n
romantic christmas gifts for your boyfriend,6,1,559,6,romantic gift for boyfriend y
romantic gift for a boyfriend,5,1,559,3,romantic gift for boyfriend a
romantic gift hamper for boyfriend,5,1,559,6,romantic gift for boyfriend h
romantic gift ideas for my boyfriend,6,1,559,6,romantic gift for boyfriend m
romantic propose gift for boyfriend,5,1,559,6,romantic gift for boyfriend p
romantic punishment ideas for boyfriend long distance,7,1,559,4,romantic gift for boyfriend l
romantic valentine gift for boyfriend,5,1,559,4,romantic gift for boyfriend v
surprise christmas gift for girlfriend,5,1,559,3,surprise gift for girlfriend c
surprise gift for her birthday,5,1,559,6,surprise gift for girlfriend b
surprise gift for lover girl,5,1,559,5,surprise gift for girlfriend l
best gift for best friend birthday boy,7,1,558,7,best gift for boyfriend best
best gift for boyfriend birthday reddit,6,1,558,7,best gift for boyfriend b
best gift for boyfriend for new year,7,1,558,7,best gift for boyfriend for
best gift for boyfriend from japan,6,1,558,6,best gift for boyfriend j
best gift for boyfriend on his 30th birthday,8,1,558,7,best gift for boyfriend o
best gift for cyclist boyfriend,5,1,558,7,best gift for boyfriend c
best gift for kindle lover,5,1,558,7,best gift for boyfriend k
best gift for lover girl,5,1,558,7,best gift for boyfriend g
best gift for men expensive,5,1,558,7,best gift for boyfriend e
best gift for men handmade,5,1,558,7,best gift for boyfriend h
best gift for men love,5,1,558,7,best gift for boyfriend l
best gift for men retirement,5,1,558,7,best gift for boyfriend r
best gift for men's day,5,1,558,7,best gift for boyfriend d
best gift for my boyfriend,5,1,558,7,best gift for boyfriend m
best gift for national boyfriend day,6,1,558,7,best gift for boyfriend n
best gift for soldier boyfriend,5,1,558,7,best gift for boyfriend s
best gift for the boyfriend,5,1,558,7,best gift for boyfriend t
best gift for your bf,5,1,558,7,best gift for boyfriend y
best gifts for boyfriend at christmas,6,1,558,7,best gift for boyfriend a
best gifts for boyfriends family,5,1,558,7,best gift for boyfriend f
best gifts for boyfriends parents christmas,6,1,558,7,best gift for boyfriend p
best gifts for men 2026 usa,6,1,558,7,best gift for boyfriend 2026
best xmas gift for bf,5,1,558,3,best gift for boyfriend x
cheap surprise gift for your girlfriend,6,1,558,3,surprise gift for girlfriend y
chocolate surprise gift for girlfriend,5,1,558,4,surprise gift for girlfriend c
good gift for boyfriend valentines day,6,1,558,7,best gift for boyfriend v
love anniversary gift for boyfriend under 500,7,1,558,7,romantic gift for boyfriend u
necklaces surprise gift for girlfriend,5,1,558,4,surprise gift for girlfriend n
romantic christmas gifts for my boyfriend,6,1,558,7,romantic gift for boyfriend m
romantic gift ideas for him long distance,7,1,558,5,romantic gift for boyfriend l
surprise gift for a girl,5,1,558,4,surprise gift for girlfriend a
surprise gift for fiance on engagement,6,1,558,6,surprise gift for girlfriend in
surprise gift for girls birthday,5,1,558,7,surprise gift for girlfriend b
surprise gift for long distance girlfriend,6,1,558,3,surprise gift for girlfriend d
surprise gift ideas for my girlfriend,6,1,558,7,surprise gift for girlfriend m
surprise gift to girl,4,1,558,3,surprise gift for girlfriend t
t shirt best gift for men apparel,7,1,558,3,best gift for boyfriend app
unique surprise gift for girl,5,1,558,3,surprise gift for girlfriend u
10 romantic gift ideas for your boyfriend pinterest,8,1,557,8,romantic gift for boyfriend p
best gift for a boyfriend,5,1,557,8,best gift for boyfriend a
best gift for best friend boy under 100,8,1,557,8,best gift for boyfriend best
best gift for biker boyfriend,5,1,557,8,best gift for boyfriend b
best gift for boyfriend for first meet,7,1,557,8,best gift for boyfriend for
best gift for boyfriend wedding,5,1,557,8,best gift for boyfriend w
best gift for christian boyfriend,5,1,557,8,best gift for boyfriend c
best gift for him luxury,5,1,557,8,best gift for boyfriend l
best gift for japanese men,5,1,557,7,best gift for boyfriend j
best gift for men daily use,6,1,557,8,best gift for boyfriend d
best gift for men experiences,5,1,557,8,best gift for boyfriend e
best gift for men friend,5,1,557,8,best gift for boyfriend f
best gift for men runners,5,1,557,8,best gift for boyfriend r
best gift for men's health,5,1,557,8,best gift for boyfriend h
best gift for my boyfriend on his birthday,8,1,557,8,best gift for boyfriend m
best gift for nurse boyfriend,5,1,557,8,best gift for boyfriend n
best gift for punjabi boyfriend,5,1,557,8,best gift for boyfriend p
best gift for singer boyfriend,5,1,557,8,best gift for boyfriend s
best gift for tech boyfriend,5,1,557,8,best gift for boyfriend t
best gift for vietnamese men,5,1,557,8,best gift for boyfriend v
best gifts for your boyfriend christmas,6,1,557,8,best gift for boyfriend y
best surprise gift for a girlfriend,6,1,557,5,surprise gift for girlfriend a
best valentines gifts for boyfriend 2026,6,1,557,8,best gift for boyfriend 2026
birthday surprise ideas for girlfriend long distance,7,1,557,7,surprise gift for girlfriend l
birthday surprise ideas for teenage girl,6,1,557,4,surprise gift for girlfriend t
cheap surprise gifts for girlfriend,5,1,557,5,surprise gift for girlfriend c
most romantic gift for boyfriend,5,1,557,8,romantic gift for boyfriend m
perfect gift for him ka matlab,6,1,557,8,best gift for boyfriend k
random surprise gifts for girlfriend,5,1,557,3,surprise gift for girlfriend r
romantic birthday gift for new boyfriend,6,1,557,4,romantic gift for boyfriend n
romantic birthday gifts for unofficial boyfriend,6,1,557,8,romantic gift for boyfriend u
romantic date ideas for your boyfriend,6,1,557,8,romantic gift for boyfriend y
romantic love gift for boyfriend,5,1,557,6,romantic gift for boyfriend l
romantic punishment ideas for boyfriend over text,7,1,557,6,romantic gift for boyfriend o
romantic sentimental gift for boyfriend,5,1,557,8,romantic gift for boyfriend s
surprise birthday gift for your girlfriend,6,1,557,4,surprise gift for girlfriend y
surprise gift for baby girl,5,1,557,8,surprise gift for girlfriend b
unique birthday surprise gift for girlfriend,6,1,557,4,surprise gift for girlfriend u
best birthday gifts for boyfriend 2026,6,1,556,9,best gift for boyfriend 2026
best gift bf ke liye,5,1,556,9,best gift for boyfriend k
best gift for a boyfriend on his birthday,8,1,556,9,best gift for boyfriend a
best gift for best friend boy under 300,8,1,556,9,best gift for boyfriend best
best gift for bf for anniversary,6,1,556,9,best gift for boyfriend for
best gift for boyfriend without spending money,7,1,556,9,best gift for boyfriend w
best gift for chef boyfriend,5,1,556,9,best gift for boyfriend c
best gift for jazz lover,5,1,556,8,best gift for boyfriend j
best gift for men birthday,5,1,556,9,best gift for boyfriend b
best gift for men doctor,5,1,556,9,best gift for boyfriend d
best gift for men electronic,5,1,556,9,best gift for boyfriend e
best gift for men from saudi arabia,7,1,556,9,best gift for boyfriend f
best gift for men gadgets,5,1,556,9,best gift for boyfriend g
best gift for my boyfriend on valentine's day,8,1,556,9,best gift for boyfriend m
best gift for nigerian boyfriend,5,1,556,9,best gift for boyfriend n
best gift for photographer boyfriend,5,1,556,9,best gift for boyfriend p
best gift for surfer boyfriend,5,1,556,9,best gift for boyfriend s
best gift for teacher boyfriend,5,1,556,9,best gift for boyfriend t
best gift for volleyball lover,5,1,556,9,best gift for boyfriend v
best gifts for hunting boyfriend,5,1,556,9,best gift for boyfriend h
best gifts for your boyfriend 2025,6,1,556,9,best gift for boyfriend y
best surprise gift for a girl,6,1,556,6,surprise gift for girlfriend a
best surprise gift for girlfriend birthday,6,1,556,9,surprise gift for girlfriend best
best surprise gift for your girlfriend,6,1,556,5,surprise gift for girlfriend y
chocolate surprise birthday gift for girlfriend,6,1,556,6,surprise gift for girlfriend c
good gift for boyfriend reddit,5,1,556,9,best gift for boyfriend r
graduation surprise gift for daddy's girl,6,1,556,5,surprise gift for girlfriend d
romantic date ideas for your boyfriend at home,8,1,556,9,romantic gift for boyfriend y
romantic gay gifts for boyfriend,5,1,556,3,romantic gift for boyfriend g
romantic homemade gifts for boyfriend,5,1,556,9,romantic gift for boyfriend h
romantic memorable gift for boyfriend,5,1,556,9,romantic gift for boyfriend m
romantic punishment ideas for boyfriend over text long distance,9,1,556,7,romantic gift for boyfriend o
romantic rose gift for boyfriend,5,1,556,3,romantic gift for boyfriend r
surprise birthday gift for lover girl,6,1,556,8,surprise gift for girlfriend l
surprise gift from girlfriend,4,1,556,5,surprise gift for girlfriend f
surprise gift to her,4,1,556,5,surprise gift for girlfriend t
surprise romantic birthday gift for girlfriend,6,1,556,4,surprise gift for girlfriend r
sweet surprise gifts for my girlfriend,6,1,556,9,surprise gift for girlfriend m
thoughtful romantic gifts for boyfriend,5,1,556,3,romantic gift for boyfriend t
unique romantic gift for boyfriend,5,1,556,9,romantic gift for boyfriend u
virtual surprise gift for girlfriend,5,1,556,4,surprise gift for girlfriend v
watch surprise romantic gift for boyfriend,6,1,556,3,romantic gift for boyfriend w
what to gift for your boyfriend,6,1,556,5,best gift for boyfriend x
10 romantic gift ideas for your boyfriend christmas,8,1,555,10,romantic gift for boyfriend c
best gift for a japan lover,6,1,555,9,best gift for boyfriend j
best gift for animal lover kid,6,1,555,10,best gift for boyfriend k
best gift for army boyfriend,5,1,555,10,best gift for boyfriend a
best gift for best friend boy under 500,8,1,555,10,best gift for boyfriend best
best gift for cricketer boyfriend,5,1,555,10,best gift for boyfriend c
best gift for lover boy,5,1,555,10,best gift for boyfriend b
best gift for men diwali,5,1,555,10,best gift for boyfriend d
best gift for men engagement,5,1,555,10,best gift for boyfriend e
best gift for men farewell,5,1,555,10,best gift for boyfriend f
best gift for men for birthday,6,1,555,10,best gift for boyfriend for
best gift for men graduation,5,1,555,10,best gift for boyfriend g
best gift for men quora,5,1,555,3,best gift for boyfriend q
best gift for men right now,6,1,555,10,best gift for boyfriend r
best gift for muslim boyfriend,5,1,555,10,best gift for boyfriend m
best gift for new boyfriend first dates,7,1,555,10,best gift for boyfriend n
best gift for police boyfriend,5,1,555,10,best gift for boyfriend p
best gift for sorry boyfriend,5,1,555,10,best gift for boyfriend s
best gift for teen boyfriend,5,1,555,10,best gift for boyfriend t
best gift for virgo men,5,1,555,10,best gift for boyfriend v
best gift ideas for men 2026,6,1,555,10,best gift for boyfriend 2026
best gifts for boyfriend who loves golf,7,1,555,10,best gift for boyfriend w
best gifts for your boyfriend's parents,6,1,555,10,best gift for boyfriend y
best surprise gift for gf,5,1,555,10,surprise gift for girlfriend best
fun surprise gifts for girlfriend,5,1,555,6,surprise gift for girlfriend f
good experience gifts for boyfriend,5,1,555,6,best gift for boyfriend app
love gift to boyfriend,4,1,555,4,romantic gift for boyfriend t
romantic birthday gift for a boyfriend,6,1,555,7,romantic gift for boyfriend a
romantic birthday gift ideas for my boyfriend,7,1,555,10,romantic gift for boyfriend m
romantic date ideas for your boyfriend reddit,7,1,555,10,romantic gift for boyfriend y
romantic gift for boyfriend ideas,5,1,555,10,romantic gift for boyfriend i
romantic gift to give boyfriend,5,1,555,4,romantic gift for boyfriend g
romantic little gifts for boyfriend,5,1,555,8,romantic gift for boyfriend l
romantic perfume gift message for boyfriend,6,1,555,10,romantic gift for boyfriend p
romantic special gift for boyfriend,5,1,555,10,romantic gift for boyfriend s
surprise birthday gift ideas for girlfriend,6,1,555,10,surprise gift for girlfriend i
surprise gift for 11 year girl,6,1,555,6,surprise gift for girlfriend y
surprise gift letter for girlfriend,5,1,555,9,surprise gift for girlfriend l
surprise ideas for birthday girl,5,1,555,10,surprise gift for girlfriend b
the best surprise gift for girlfriend,6,1,555,6,surprise gift for girlfriend t
10 romantic gift ideas for your boyfriend on his birthday,10,1,554,9,romantic gift for boyfriend o
best gift for a boyfriend birthday,6,1,554,11,best gift for boyfriend a
best gift for boyfriend 2024,5,1,554,3,best gift for boyfriend 2027
best gift for boyfriend on diwali,6,1,554,11,best gift for boyfriend with
best gift for boyfriend on our anniversary,7,1,554,11,best gift for boyfriend o
best gift for boyfriend under 250,6,1,554,11,best gift for boyfriend u
best gift for college boyfriend,5,1,554,11,best gift for boyfriend c
best gift for it boyfriend,5,1,554,11,best gift for boyfriend i
best gift for lover girl birthday,6,1,554,11,best gift for boyfriend g
best gift for men designer,5,1,554,11,best gift for boyfriend d
best gift for men for anniversary,6,1,554,11,best gift for boyfriend for
best gift for men friend birthday,6,1,554,11,best gift for boyfriend f
best gift for men nearby,5,1,554,11,best gift for boyfriend n
best gift for men ring,5,1,554,11,best gift for boyfriend r
best gift for men teacher,5,1,554,11,best gift for boyfriend t
best gift for my boyfriend on our anniversary,8,1,554,11,best gift for boyfriend m
best gift for pilot boyfriend,5,1,554,11,best gift for boyfriend p
best gift for sick boyfriend,5,1,554,11,best gift for boyfriend s
best gift for vinyl lover,5,1,554,11,best gift for boyfriend v
best gifts for boyfriend who likes to cook,8,1,554,11,best gift for boyfriend w
best gifts for electrician boyfriend,5,1,554,11,best gift for boyfriend e
best gifts for your boyfriend reddit,6,1,554,11,best gift for boyfriend y
best surprise gift for girl,5,1,554,11,surprise gift for girlfriend best
best valentine gift for boyfriend long distance,7,1,554,11,best gift for boyfriend l
best valentines gift for him 2026,6,1,554,11,best gift for boyfriend 2026
good surprise gifts for your girlfriend,6,1,554,7,surprise gift for girlfriend y
is perfume a good gift for boyfriend,7,1,554,11,is it best gift for boyfriend
little surprise gifts for girlfriend,5,1,554,10,surprise gift for girlfriend l
love anniversary gift for boyfriend in india,7,1,554,11,romantic gift for boyfriend i
perfect gift for boyfriend birthday,5,1,554,11,best gift for boyfriend b
quick gifts for boyfriend,4,1,554,4,best gift for boyfriend q
romantic birthday ideas for boyfriend at home,7,1,554,8,romantic gift for boyfriend a
romantic birthday ideas for your boyfriend,6,1,554,11,romantic gift for boyfriend y
romantic birthday surprise ideas for girlfriend at home,8,1,554,8,surprise gift for girlfriend a
romantic boyfriend photo frame ideas for gift,7,1,554,10,romantic gift for boyfriend f
romantic date ideas for my boyfriend,6,1,554,11,romantic gift for boyfriend m
surprise gift message for girlfriend,5,1,554,11,surprise gift for girlfriend m
best gift for a boyfriend on valentine's day,8,1,553,12,best gift for boyfriend a
best gift for boyfriend astrology,5,1,553,6,best gift for boyfriend z
best gift for boyfriend in 2000 rs,7,1,553,4,best gift for boyfriend 2027
best gift for boyfriend on 1st anniversary,7,1,553,12,best gift for boyfriend with
best gift for boyfriend on 2 year anniversary,8,1,553,12,best gift for boyfriend o
best gift for boyfriend under ₹ 500,7,1,553,12,best gift for boyfriend u
best gift for him reddit,5,1,553,12,best gift for boyfriend r
best gift for horse lover kid,6,1,553,12,best gift for boyfriend k
best gift for lover girl under 500,7,1,553,12,best gift for boyfriend g
best gift for men christmas,5,1,553,12,best gift for boyfriend c
best gift for men dubai,5,1,553,12,best gift for boyfriend d
best gift for men for secret santa,7,1,553,12,best gift for boyfriend for
best gift for men new year,6,1,553,12,best gift for boyfriend n
best gift for men this christmas,6,1,553,12,best gift for boyfriend t
best gift for my boyfriend on christmas,7,1,553,12,best gift for boyfriend m
best gift for programmer boyfriend,5,1,553,12,best gift for boyfriend p
best gift for secret boyfriend,5,1,553,12,best gift for boyfriend s
best gifts for boyfriend who loves fishing,7,1,553,12,best gift for boyfriend w
best gifts for entrepreneur boyfriend,5,1,553,12,best gift for boyfriend e
best gifts for your boyfriends dad,6,1,553,12,best gift for boyfriend y
best tech gift for men 2026,6,1,553,12,best gift for boyfriend 2026
birthday surprise ideas for a girl,6,1,553,9,surprise gift for girlfriend a
birthday surprise ideas for my girlfriend,6,1,553,12,surprise gift for girlfriend m
bracelets best surprise gift for girlfriend,6,1,553,12,surprise gift for girlfriend best
diwali surprise gift for girlfriend,5,1,553,8,surprise gift for girlfriend d
easy gifts for boyfriend,4,1,553,5,best gift for boyfriend q
good gift for boyfriend birthday,5,1,553,12,best gift for boyfriend b
good gift for jazz lover,5,1,553,11,best gift for boyfriend j
is wallet a good gift for boyfriend,7,1,553,12,is it best gift for boyfriend
romantic birthday ideas for my boyfriend,6,1,553,12,romantic gift for boyfriend m
romantic date ideas for your boyfriend near me,8,1,553,12,romantic gift for boyfriend y
romantic gift for ex boyfriend,5,1,553,5,romantic gift for boyfriend e
romantic gift for him,4,1,553,12,romantic gift for boyfriend 
romantic love anniversary gift for boyfriend,6,1,553,10,romantic gift for boyfriend l
romantic sorry gift for boyfriend,5,1,553,12,romantic gift for boyfriend s
surprise gift for 12 year girl,6,1,553,8,surprise gift for girlfriend y
surprise gift for girlfriend under 1000,6,1,553,8,surprise gift for girlfriend u
surprise gift for girlfriend vlog,5,1,553,7,surprise gift for girlfriend v
surprise gift message for her birthday,6,1,553,12,surprise gift for girlfriend b
what good gift for men,5,1,553,12,what best gift for boyfriend
what will be the best gift for girlfriend,8,1,553,3,is it surprise gift for girlfriend
10 romantic gift ideas for your boyfriend,7,1,552,13,romantic gift for boyfriend y
best birthday gift for boyfriend experiences,6,1,552,13,best gift for boyfriend e
best birthday gift for boyfriend long distance,7,1,552,13,best gift for boyfriend l
best gift for boyfriend 1 year anniversary,7,1,552,13,best gift for boyfriend y
best gift for boyfriend for love anniversary,7,1,552,9,best gift for boyfriend app
best gift for boyfriend on first valentine's day,8,1,552,13,best gift for boyfriend v
best gift for boyfriend online shopping,6,1,552,5,best gift for boyfriend online
best gift for boyfriend personalized,5,1,552,3,best gift for boyfriend maker
best gift for lover birthday,5,1,552,13,best gift for boyfriend b
best gift for men anniversary,5,1,552,13,best gift for boyfriend a
best gift for men colleague,5,1,552,13,best gift for boyfriend c
best gift for men for valentine's,6,1,552,13,best gift for boyfriend for
best gift for men from dubai,6,1,552,13,best gift for boyfriend f
best gift for men from korea,6,1,552,13,best gift for boyfriend k
best gift for men going abroad,6,1,552,13,best gift for boyfriend g
best gift for men ideas,5,1,552,13,best gift for boyfriend i
best gift for men in secret santa,7,1,552,13,best gift for boyfriend in
best gift for men near me,6,1,552,13,best gift for boyfriend n
best gift for men perfume,5,1,552,13,best gift for boyfriend p
best gift for men reddit ph,6,1,552,13,best gift for boyfriend r
best gift for men that have everything,7,1,552,13,best gift for boyfriend t
best gift for military boyfriend,5,1,552,13,best gift for boyfriend m
best gift for sporty boyfriend,5,1,552,13,best gift for boyfriend s
best gifts for boyfriend wirecutter,5,1,552,13,best gift for boyfriend w
best golf gift for men 2026,6,1,552,13,best gift for boyfriend 2026
best jewellery gift for boyfriend,5,1,552,12,best gift for boyfriend j
fun surprise ideas for my girlfriend,6,1,552,13,surprise gift for girlfriend m
good gift for boyfriend dad,5,1,552,13,best gift for boyfriend d
how to make romantic gifts for him,7,1,552,13,how romantic gift for boyfriend
last minute romantic gifts for my boyfriend,7,1,552,13,romantic gift for boyfriend m
romantic gift for men,4,1,552,13,romantic gift for boyfriend 
romantic gift ideas for him,5,1,552,13,romantic gift for boyfriend d
surprise dress gift for girlfriend,5,1,552,9,surprise gift for girlfriend d
surprise gift box for birthday girl,6,1,552,13,surprise gift for girlfriend b
surprise gift for girl,4,1,552,13,surprise gift for girlfriend 
surprise gift for girlfriend in india,6,1,552,10,surprise gift for girlfriend n
surprise gift from her,4,1,552,9,surprise gift for girlfriend f
what is good gift for boyfriend,6,1,552,13,is it best gift for boyfriend
what is perfect gift for boyfriend,6,1,552,13,what best gift for boyfriend
10 romantic gift ideas for your boyfriend long distance,9,1,551,12,romantic gift for boyfriend l
best birthday gift for boyfriend in jamaica,7,1,551,13,best gift for boyfriend j
best christmas gifts for men 2026,6,1,551,14,best gift for boyfriend 2026
best gift for bf's birthday,5,1,551,8,best gift for boyfriend z
best gift for boyfriend amazon,5,1,551,10,best gift for boyfriend app
best gift for boyfriend on eid,6,1,551,14,best gift for boyfriend e
best gift for boyfriend on his graduation,7,1,551,14,best gift for boyfriend h
best gift for boyfriend under 1500,6,1,551,14,best gift for boyfriend u
best gift for him christmas,5,1,551,14,best gift for boyfriend c
best gift for men accessories,5,1,551,14,best gift for boyfriend a
best gift for men boss,5,1,551,14,best gift for boyfriend b
best gift for men dad,5,1,551,14,best gift for boyfriend d
best gift for men for marriage,6,1,551,14,best gift for boyfriend for
best gift for men from india,6,1,551,14,best gift for boyfriend f
best gift for men gym,5,1,551,14,best gift for boyfriend g
best gift for men in birthday,6,1,551,14,best gift for boyfriend in
best gift for men philippines,5,1,551,14,best gift for boyfriend p
best gift for men secret santa,6,1,551,14,best gift for boyfriend s
best gift for men this year,6,1,551,14,best gift for boyfriend t
best gift for my boyfriend on his graduation,8,1,551,14,best gift for boyfriend m
best gifts for boyfriend who likes to study,8,1,551,14,best gift for boyfriend w
best gifts for new boyfriend christmas,6,1,551,14,best gift for boyfriend n
best surprise gift for boyfriend long distance,7,1,551,14,best gift for boyfriend l
best surprise gift ideas for girlfriend,6,1,551,14,surprise gift for girlfriend i
best valentine gift for boyfriend grooming kits,7,1,551,14,best gift for boyfriend k
best valentine gift for boyfriend nearby,6,1,551,14,best gift for boyfriend v
birthday surprise gift for baby girl,6,1,551,14,surprise gift for girlfriend b
birthday surprise ideas for my gf's 25th birthday,8,1,551,14,surprise gift for girlfriend m
bracelets best surprise gift for girlfriend on her birthday,9,1,551,14,surprise gift for girlfriend h
girl surprise gift for daughter birthday,6,1,551,10,surprise gift for girlfriend d
is cologne a good gift for boyfriend,7,1,551,14,is it best gift for boyfriend
romantic boyfriend gift quotes,4,1,551,4,romantic gift for boyfriend q
romantic gift box for boyfriend birthday,6,1,551,14,romantic gift for boyfriend b
romantic gift ideas for bf,5,1,551,4,romantic gift for boyfriend 2027
romantic no money gift ideas for boyfriend,7,1,551,10,romantic gift for boyfriend n
surprise gift for girlfriend idea,5,1,551,3,surprise gift for girlfriend x
surprise gift for girlfriend under 300,6,1,551,10,surprise gift for girlfriend u
surprise gift for wife on her birthday,7,1,551,14,surprise gift for girlfriend o
surprise gift to gf,4,1,551,10,surprise gift for girlfriend t
what can i gift my girlfriend,6,1,551,3,surprise gift for girlfriend online
what's a good gift for boyfriends parents,7,1,551,14,what best gift for boyfriend
best birthday gift for boyfriend reddit,6,1,550,15,best gift for boyfriend r
best gift for boyfriend birthday gift,6,1,550,15,best gift for boyfriend best
best gift for boyfriend grooming kits men,7,1,550,15,best gift for boyfriend k
best gift for boyfriend india,5,1,550,5,best gift for boyfriend maker
best gift for boyfriend on graduation,6,1,550,15,best gift for boyfriend with
best gift for boyfriend on his birthday under 1000,9,1,550,15,best gift for boyfriend h
best gift for boyfriend on their birthday,7,1,550,7,best gift for boyfriend online
best gift for boyfriend under 20000,6,1,550,7,best gift for boyfriend 2027
best gift for boyfriend under 3000,6,1,550,15,best gift for boyfriend u
best gift for lego lover,5,1,550,15,best gift for boyfriend l
best gift for men and women,6,1,550,15,best gift for boyfriend a
best gift for men blinkit,5,1,550,15,best gift for boyfriend b
best gift for men christmas 2025,6,1,550,15,best gift for boyfriend c
best gift for men fitness,5,1,550,15,best gift for boyfriend f
best gift for men for new job,7,1,550,14,best gift for boyfriend j
best gift for men for wedding,6,1,550,15,best gift for boyfriend for
best gift for men gold,5,1,550,15,best gift for boyfriend g
best gift for men in christmas,6,1,550,15,best gift for boyfriend in
best gift for men silver,5,1,550,15,best gift for boyfriend s
best gift for men turning 40,6,1,550,15,best gift for boyfriend t
best gift for wife's boyfriend,5,1,550,15,best gift for boyfriend w
best gift for young men,5,1,550,15,best gift for boyfriend y
best gifts for drummer boyfriend,5,1,550,15,best gift for boyfriend d
best luxury gifts for men 2026,6,1,550,15,best gift for boyfriend 2026
best valentine gift for boyfriend etsy,6,1,550,15,best gift for boyfriend e
good gift for boyfriend's parents christmas,6,1,550,15,best gift for boyfriend p
how can i surprise my girlfriend online,7,1,550,4,surprise gift for girlfriend online
is pen a good gift for boyfriend,7,1,550,15,is it best gift for boyfriend
mugs best surprise gift for girlfriend on her birthday,9,1,550,15,surprise gift for girlfriend m
romantic gift basket for boyfriend,5,1,550,15,romantic gift for boyfriend b
romantic gift for a new boyfriend,6,1,550,12,romantic gift for boyfriend a
romantic gift for boyfriend on anniversary,6,1,550,3,romantic gift for boyfriend app
surprise gift to girlfriend on her birthday,7,1,550,11,surprise gift for girlfriend t
surprise ideas for girlfriend,4,1,550,15,surprise gift for girlfriend
thank you message for surprise gift from girlfriend,8,1,550,11,surprise gift for girlfriend f
unique romantic gift ideas for boyfriend,6,1,550,15,when romantic gift for boyfriend
what is best gift for lover,6,1,550,15,what best gift for boyfriend
what is the best surprise for a girlfriend,8,1,550,6,is it surprise gift for girlfriend
