virtual gift for boyfriend	1	gifft.me|Surprise Gift Service: Send Free Virtual Gifts Online~~pinterest.com|Virtual Gift Ideas for Boyfriend~~ourgiftverse.com|Virtual Gifts for Boyfriend (Long-Distance)~~qlovy.com|Free Digital Gift - Create a Personalized Gift Online~~giftcart.com|Best Digital & Virtual Gifts Ideas Unique Digital Gifts~~pinterest.com|Virtual Gift Ideas~~oyehappy.com|Virtual Gifts - Send Digital Gift Online in India~~giftsqr.com|virtual gifts for boyfriend - Free Create online~~2-luv.com|2luv: Create Your Digital Love Letter With QR Code
online surprise for boyfriend	1	gifft.me|Surprise Gift Service: Send Free Virtual Gifts Online~~surprises.gift|Free Virtual Gifts & Online Surprises~~pinterest.com|Virtual Surprise for Boyfriend~~qlovy.com|Free Digital Gift - Create a Personalized Gift Online~~giftfeels.com|GiftFeels: Digital Gifts & Surprise Gift Links~~surprisemachi.com|Virtual Surprise Planners~~fnp.com|Online Gifts for Men Best Gift ideas for Him~~oyegifts.com|Unique & Romantic Gift for Boyfriend India
surprise link for girlfriend	1	gifft.me|Surprise Gift Service: Send Free Virtual Gifts Online~~instagram.com|Surprise Link For Girlfriend~~2-luv.com|2luv: Create Your Digital Love Letter With QR Code~~qlovy.com|Free Digital Gift - Create a Personalized Gift Online~~surprises.gift|Free Virtual Gifts & Online Surprises~~subhsandesh.in|Free Girlfriend Day Gift Online - Create a Personalized Page~~giftsqr.com|digital surprise for girlfriend - Free Create online~~aiskyla.com|AISkyLa Gifting - No. 1 Free Virtual Gift Service~~gifft.me|Virtual and Online Love Letter
digital card for gf	1	paperlesspost.com|Love Cards Free Digital Ecards, Track Opens~~mewtrucard.com|Make a Love Card They Open as a Link~~greetingsisland.com|Free Printable I Love You & Romance Cards~~gifft.me|Virtual and Online Love Letter~~eventkingdom.com|Send Love Letters Online~~canva.com|Craft Heartfelt eCards for Your Loved Ones~~2-luv.com|2luv: Create Your Digital Love Letter With QR Code~~joygram.io|Free Cards for Your Girlfriend~~punchbowl.com|Girlfriends Day Aug 1
digital card for boyfriend	1	paperlesspost.com|Love Cards Free Digital Ecards, Track Opens~~mewtrucard.com|Make a Love Card They Open as a Link~~eventkingdom.com|Send Love Letters Online~~gifft.me|Virtual and Online Love Letter~~canva.com|Craft Heartfelt eCards for Your Loved Ones~~greetingsisland.com|Free Printable I Love You & Romance Cards~~in.pinterest.com|I Love You Card, Love Cards For Boyfriend~~etsy.com|Boyfriend Card Digital
web page for boyfriend	1	yourlovepage.com|YourLovePage, A Love Website for Your Girlfriend or Boyfriend~~yourlovepage.online|Love Website for Girlfriend or Boyfriend - Free~~justmeantforyou.com|Cute Website for Your Girlfriend or Boyfriend: Free Ideas~~lovepage.io|LovePage.io: Create a Love Website~~myheartcraft.com|Cute Websites to Send Your Boyfriend or Girlfriend (2026)~~ai.mobirise.com|Cute Customizable Website for Long Distance Boyfriend~~instagram.com|Cute Website For Boyfriend~~dribbble.com|Love Website designs, themes, templates
digital birthday card for boyfriend	1	paperlesspost.com|Birthday Cards for Him Cards Free Digital Ecards~~canva.com|Free Online Birthday Card Maker~~moonpig.com|Personalized Birthday Cards For Your Boyfriend~~bluemountain.com|Send Digital Happy Birthday Cards Try for Free~~kudoboard.com|Birthday Cards for Boyfriend from a Group~~greetingsisland.com|Free Printable & Online Birthday Cards~~cardly.net|Personalised Birthday Cards Online~~cardsnacks.com|Send romantic birthday ecards~~jibjab.com|Birthday eCards - Send Funny Birthday Greeting Cards
online surprise ideas for boyfriend	1	gifft.me|Surprise Gift Service: Send Free Virtual Gifts Online~~pinterest.com|Virtual Gift Ideas for Boyfriend~~giftsqr.com|virtual gifts for boyfriend - Free Create online~~qlovy.com|Free Digital Gift - Create a Personalized Gift Online~~oyegifts.com|Unique & Romantic Gift for Boyfriend India~~pinterest.com|Virtual Gift Ideas~~fnp.com|Online Gifts for Men Best Gift ideas for Him~~oyehappy.com|Intimate Gift for Boyfriend in India
digital love letter maker	1	gifft.me|Virtual and Online Love Letter~~2-luv.com|2luv: Create Your Digital Love Letter With QR Code~~aiskyla.com|Digital Love Letter - Free, Animated & Sent by Link~~lovetale.app|LoveTale - Create Beautiful Interactive Love Letters~~justmeantforyou.com|Digital Love Letter Maker Create a Romantic Website~~digitalloveletters.com|Digital Love Letters Online - Make Yours Now~~lovepaper.app|LovePaper - Digital Love Letter Website with Music (Free)~~loveyoumake.com|LoveYouMake: Create a Personalized Digital Love Letter~~emocia.net|Create a Digital Love Letter That Feels Alive
digital birthday card for girlfriend	0	greetingsisland.com|Free Printable & Online Birthday Cards For Her~~paperlesspost.com|Birthday cards for her~~canva.com|Free Online Birthday Card Maker~~123cards.com|Send Free Birthday eCards~~egreetings.gov.in|Birthday~~americangreetings.com|Happy Birthday Ecards For Her~~punchbowl.com|Send Free Birthday eCards Online~~doozycards.com|Free Birthday eCards for Girlfriend~~bluemountain.com|Send Digital Happy Birthday Cards~~jibjab.com|JibJab: eCards - Customize & Send Funny Greeting Cards
qr code gift generator	1	me-qr.com|Generate QR Code for Text~~giftsqr.com|Gifts QR Free Virtual Gift, Birthday Surprise Link & QR Code~~the-qrcode-generator.com|The QR Code Generator (TQRCG): Create Free QR Codes~~barcodesinc.com|QR Code Generator~~qr-code-generator.com|QR Code Generator Create Your Free QR Codes~~me-qr.com|TOP QR Code Gift Ideas: Unique and Personalized Presents~~qrcode.tec-it.com|Free QR Code Generator~~scansurprise.com|ScanSurprise - Free QR Code Surprise Creator for Gifts~~orcascan.com|QR Code Barcode Generator
virtual gift ideas for boyfriend	1	pinterest.com|Virtual Gift Ideas for Boyfriend~~gifft.me|Surprise Gift Service: Send Free Virtual Gifts Online~~reddit.com|Does anyone have any virtual gift ideas I can make/give~~ourgiftverse.com|Virtual Gifts for Boyfriend (Long-Distance)~~pinterest.com|Virtual Gift Ideas~~qlovy.com|Free Digital Gift - Create a Personalized Gift Online~~oyehappy.com|Virtual Gifts - Send Digital Gift Online in India~~fnp.com|Online Gifts for Men Best Gift ideas for Him
digital card for love	0	eventkingdom.com|Send Love Letters Online~~gifft.me|Virtual and Online Love Letter~~paperlesspost.com|Love Cards Free Digital Ecards, Track Opens~~mewtrucard.com|Make a Love Card They Open as a Link~~2-luv.com|2luv: Create Your Digital Love Letter With QR Code~~greetingsisland.com|Free Printable I Love You & Romance Cards~~canva.com|Free printable and customizable love card templates~~pinterest.com|Cute Digital Love Card~~etsy.com|Buy Digital Love Card Online In India
digital birthday wish for boyfriend	1	paperlesspost.com|Birthday Cards for Him Cards Free Digital Ecards~~greetingsisland.com|Free Printable & Online Birthday Cards For Him~~americangreetings.com|Birthday Ecards For Him Try For Free~~canva.com|Free Online Birthday Card Maker~~adobe.com|Birthday Wishes for Boyfriend (with Templates)~~kudoboard.com|Birthday Cards for Boyfriend from a Group~~punchbowl.com|Send Free Birthday eCards Online~~cardsnacks.com|Send romantic birthday ecards
online gift ideas for gf	1	fnp.com|Best Gifts for Girlfriend Unique & Romantic~~saugatonline.com|Gifts For Girlfriend Online India Unique & Romantic~~pinterest.com|Virtual Gifts for Girlfriend~~gifft.me|Surprise Gift Service: Send Free Virtual Gifts Online~~lovelydesign.in|Online Gifts for Girlfriend: 14 Ideas She Receives Instantly~~reddit.com|does anybody have any gift ideas for an online gf~~oyegifts.com|Gifts for Girlfriend Online Unique Romantic & Surprise Gift~~flipkart.com|Valentine Gifts for Girlfriend~~pinterest.com|Online Gift Ideas~~igp.com|IGP: Online Gift Delivery Send Gifts to India
surprise link for bf	0	gifft.me|Surprise Gift Service: Send Free Virtual Gifts Online~~2-luv.com|2luv: Create Your Digital Love Letter With QR Code~~giftfeels.com|GiftFeels: Digital Gifts & Surprise Gift Links~~giftsqr.com|Free Love QR Code & Virtual Gift for Girlfriend~~qlovy.com|Free Digital Gift - Create a Personalized Gift Online~~saysorry.in|Create Romantic Surprise Website with Photos & Music~~gifft.me|Be My Boyfriend Link Generator - Create a Cute Surprise~~pinterest.com|Virtual Surprise for Boyfriend~~artrayd.com|Surprising Gift Service~~surprises.gift|Free Virtual Gifts for a Long-Distance Boyfriend
digital love letter app	1	lovepaper.app|LovePaper - Digital Love Letter Website with Music (Free)~~lovetale.app|LoveTale - Create Beautiful Interactive Love Letters~~play.google.com|Love Letters & Love Messages - Apps on Google Play~~2-luv.com|2luv: Create Your Digital Love Letter With QR Code~~gifft.me|Virtual and Online Love Letter~~apps.apple.com|Love Letter: Between Couples - App Store~~ilovi.in|ilovi - Personalized Digital Love Letters~~reddit.com|I built a free sealed love letter app just in time for~~slowly.app|Slowly - Penpal Reimagined
virtual date with gf	1	reddit.com|10 Creative Virtual Date Ideas (no Netflix Party required)~~reddit.com|r/LongDistance - Virtual Date Ideas~~endlessdistances.com|27 Creative Long Distance Date Ideas To Keep You Going~~extension.usu.edu|27 Date Ideas For A Long Distance Relationship USU~~kosmi.io|Long Distance Date Ideas - Virtual Date Night Online~~ldrdate.ca|LDR Date: Long Distance Date Ideas~~brides.com|33 Virtual Long-Distance Relationship Date Ideas~~thatraveller.com|20 Virtual Date ideas for Long Distance Besties & Boyfies~~bakitbox.com|10 Virtual Date Ideas For When You Cant Be There
gift link for whatsapp	0	gifft.me|Surprise Gift Service: Send Free Virtual Gifts Online~~qlovy.com|Free Digital Gift - Create a Personalized Gift Online~~surprises.gift|Free Virtual Gifts & Online Surprises~~heartgift.in|Birthday Surprise Link - Send an Interactive~~artrayd.com|Surprising Gift Service~~yygifty.com|YY Gifty: Surprise Gift Service Website~~gifter.live|Gifter.live: Create and Send Free Virtual Gifts Online~~drawnames.co.uk|Gift exchange using the Secret Santa Generator WhatsApp~~first-wishes.com|Happy Birthday Whatsapp Link with Photo Frame
virtual gift for boyfriend free	1	gifft.me|Surprise Gift Service: Send Free Virtual Gifts Online~~aiskyla.com|AISkyLa Gifting - No. 1 Free Virtual Gift Service~~qlovy.com|Free Digital Gift - Create a Personalized Gift Online~~2-luv.com|2luv: Create Your Digital Love Letter With QR Code~~gifft.me|Create Free Virtual Gifts Online~~ourgiftverse.com|12 Virtual Gift Ideas for a Long-Distance Boyfriend~~pinterest.com|Free Virtual Gifts for Long Distance Boyfriend~~surprises.gift|Free Virtual Gifts & Online Surprises
virtual gift ideas free	1	gifft.me|Surprise Gift Service: Send Free Virtual Gifts Online~~aiskyla.com|AISkyLa Gifting - No. 1 Free Virtual Gift Service~~surprises.gift|Free Virtual Gifts & Online Surprises~~qlovy.com|Free Digital Gift - Create a Personalized Gift Online~~creativegift.site|Free Virtual Gift Maker - Create Surprise Gift Online~~gifft.me|Create Free Virtual Gifts Online~~reddit.com|What are some long distance gift ideas that are free
digital love letter for boyfriend	0	gifft.me|Virtual and Online Love Letter~~2-luv.com|2luv: Create Your Digital Love Letter With QR Code~~lovetale.app|LoveTale - Create Beautiful Interactive Love Letters~~lovepaper.app|LovePaper - Digital Love Letter Website with Music (Free)~~aiskyla.com|Digital Love Letter - Free, Animated & Sent by Link~~digitalloveletters.com|Digital Love Letters Online - Make Yours Now~~justmeantforyou.com|Digital Love Letter Website Create a Private Online Letter~~emocia.net|Create a Digital Love Letter That Feels Alive~~saysorry.in|Love Website for Boyfriend Digital Love Letter for BF
gift link for gf	1	gifft.me|Surprise Gift Service: Send Free Virtual Gifts Online~~qlovy.com|Free Digital Gift - Create a Personalized Gift Online~~aiskyla.com|AISkyLa Gifting - No. 1 Free Virtual Gift Service~~surprises.gift|Free Virtual Gifts & Online Surprises~~subhsandesh.in|Free Girlfriend Day Gift Online - Create a Personalized Page~~oyegifts.com|Gifts for Girlfriend Online Unique Romantic & Surprise Gift~~fnp.com|Best Gifts for Girlfriend Unique & Romantic Surprise~~2-luv.com|2luv: Create Your Digital Love Letter With QR Code~~instagram.com|Surprise Link For Girlfriend
digital card for boyfriend free	1	greetingsisland.com|Free Printable I Love You & Romance Cards~~paperlesspost.com|Love Cards Free Digital Ecards, Track Opens~~mewtrucard.com|Make a Love Card They Open as a Link~~canva.com|Craft Heartfelt eCards for Your Loved Ones~~gifft.me|Virtual and Online Love Letter~~americangreetings.com|Free Ecards Personalize & Send Digital Cards~~123cards.com|Love eCards - send free eCards~~reddit.com|Online I Love You eCard, Greeting Cards Maker Free~~2-luv.com|2luv: Create Your Digital Love Letter With QR Code
digital gift for boyfriend	1	gifft.me|Surprise Gift Service: Send Free Virtual Gifts~~pinterest.com|Virtual Gift Ideas for Boyfriend~~qlovy.com|Free Digital Gift - Create a Personalized Gift~~2-luv.com|2luv: Create Your Digital Love Letter With QR~~reddit.com|Does anyone have any virtual gift ideas I can~~ourgiftverse.com|Virtual Gifts for Boyfriend (Long-Distance)~~pinterest.com|Virtual Gift Ideas~~oyehappy.com|Virtual Gifts - Send Digital Gift Online in India~~oyegifts.com|Unique & Romantic Gift for Boyfriend India
how do i make a digital card	1	canva.com|Free Online Card Maker - Create Custom Card Designs~~canva.com|Craft Heartfelt eCards for Your Loved Ones~~play.google.com|eCards: Greeting card maker! - Apps on~~greetingsisland.com|Free Card Maker: Printable Cards & eCards~~adobe.com|Free Card Maker: Create Your Own Cards Online~~genially.com|Create an interactive card~~paperlesspost.com|Online Cards Free Digital Ecards, Track Opens~~design.com|Free AI Business Card Generator
virtual gift website free	1	gifft.me|Surprise Gift Service: Send Free Virtual Gifts~~aiskyla.com|AISkyLa Gifting - No. 1 Free Virtual Gift Service~~qlovy.com|Free Digital Gift - Create a Personalized Gift~~surprises.gift|Free Virtual Gifts & Online Surprises~~creativegift.site|Free Virtual Gift Maker - Create Surprise Gift~~2-luv.com|Birthday Gift Website With Photos And QR Code~~gifter.live|Gifter.live: Create and Send Free Virtual Gifts~~reddit.com|3 Free Virtual Gift Ideas Create a Personalised
digital gift ideas for boyfriend	1	pinterest.com|Virtual Gift Ideas for Boyfriend~~reddit.com|Does anyone have any virtual gift ideas I can~~gifft.me|Surprise Gift Service: Send Free Virtual Gifts~~pinterest.com|Virtual Gift Ideas~~ourgiftverse.com|Virtual Gifts for Boyfriend (Long-Distance)~~fnp.com|Digital Gifts for Him~~qlovy.com|Free Digital Gift - Create a Personalized Gift~~oyehappy.com|Virtual Gifts - Send Digital Gift Online in India
digital love letter for him	1	gifft.me|Virtual and Online Love Letter~~2-luv.com|2luv: Create Your Digital Love Letter With QR~~digitalloveletters.com|Digital Love Letters Online - Make Yours Now~~lovetale.app|LoveTale - Create Beautiful Interactive Love Letters~~aiskyla.com|Digital Love Letter - Free, Animated & Sent by~~saysorry.in|Digital Love Letter Website Create & Share~~emocia.net|Create a Digital Love Letter That Feels Alive~~justmeantforyou.com|Digital Love Letter Maker Create a Romantic~~lovepaper.app|LovePaper - Digital Love Letter Website with Music
how to make a website for my boyfriend	1	lovepage.io|LovePage.io: Create a Love Website~~yourlovepage.com|YourLovePage, A Love Website for Your Girlfriend~~justmeantforyou.com|Cute Website for Your Girlfriend or Boyfriend~~yourlovepage.online|Love Website for Girlfriend or Boyfriend - Free~~bemyval.co|Boyfriend Proposal Website Maker - Ask Him Out~~pinterest.com|Romantic Website Design~~yourlovepage.com|Make a Website for Your Boyfriend
digital love letter website free	0	lovepaper.app|LovePaper - Digital Love Letter Website with Music~~gifft.me|Virtual and Online Love Letter~~aiskyla.com|Digital Love Letter - Free, Animated & Sent by~~2-luv.com|2luv: Create Your Digital Love Letter With QR~~justmeantforyou.com|Digital Love Letter Maker Create a Romantic~~emocia.net|Create a Digital Love Letter That Feels Alive~~lovetale.app|LoveTale - Create Beautiful Interactive Love Letters~~surprises.gift|Free Digital Love Letter - Send a Virtual Love~~loveyoumake.com|LoveYouMake: Create a Personalized Digital Love~~reddit.com|I built a free sealed love letter app just in
digital love letter with code	1	2-luv.com|2luv: Create Your Digital Love Letter With QR~~gifft.me|Virtual and Online Love Letter~~lovetale.app|LoveTale - Create Beautiful Interactive Love Letters~~lovepaper.app|LovePaper - Digital Love Letter Website with Music~~digitalloveletters.com|Digital Love Letters Online - Make Yours Now~~letter-u.com|Digital Love Letter with QR Code - Surprise Someone~~justmeantforyou.com|Digital Love Letter Maker Create a Romantic~~lovely-lens.com|Digital Love Letter Photos, Music & QR Code~~aiskyla.com|Digital Love Letter - Free, Animated & Sent by
digital love letter with music	1	lovepaper.app|LovePaper - Digital Love Letter Website with Music~~2-luv.com|2luv: Create Your Digital Love Letter With QR~~justmeantforyou.com|Digital Love Letter Maker Create a Romantic~~gifft.me|Virtual and Online Love Letter~~loveyoumake.com|LoveYouMake: Create a Personalized Digital Love~~ilovi.in|ilovi - Personalized Digital Love Letters~~aiskyla.com|Digital Love Letter with Music - Free~~emocia.net|Create a Digital Love Letter That Feels Alive~~iloveyou.gift|Create Your Own Love Letter - Digital Gift Builder
how to make a website for girlfriend	1	yourlovepage.com|YourLovePage, A Love Website for Your Girlfriend~~lovepage.io|LovePage.io: Create a Love Website~~justmeantforyou.com|Cute Website for Your Girlfriend or Boyfriend~~reddit.com|I Built a Website to Propose to My Girlfriend~~lovelydesign.in|How to Make a Website for Your Girlfriend (No Code)~~ai.mobirise.com|Surprise Website for Your Girlfriend: A Special~~subhsandesh.in|How to Create a Secret Link Proposal Website~~reddit.com|I have made a website for my girlfriend! What
digital invitation cards online	1	greetingsisland.com|Free Online Invitation Maker~~canva.com|Free Invitation Maker - Create Invitations Online~~paperlesspost.com|Paperless Post: Free Invitation Templates~~createcards.io|Free AI Invitation Card Generator~~adobe.com|Free Online Invitation Maker Adobe Express~~wedmegood.com|Wedding Invitations Online - Create Digital E-Cards~~evite.com|Evite: Online Invitations, Event Pages~~1invites.com|Free Invitation Maker Design Invitation Cards~~punchbowl.com|Free Online Invitations for Every Occasion
digital invitation card maker online free	0	canva.com|Free Invitation Maker - Create Invitations Online~~greetingsisland.com|Free Online Invitation Maker~~createcards.io|Free AI Invitation Card Generator~~adobe.com|Free Online Invitation Maker Adobe Express~~play.google.com|Invitation maker & Card Design - Apps on Google Play~~pinterest.com|Online Invitation Card Maker Free Without Watermark~~paperlesspost.com|Paperless Post: Free Invitation Templates~~1invites.com|Free Invitation Maker Design Invitation Cards~~apps.apple.com|Invitation Maker Greeting Card - App Store~~invitationbazaar.com|Free Online Invitation Templates for All
virtual date nights for long-distance couples	1	reddit.com|r/LongDistance - Virtual Date Ideas~~endlessdistances.com|27 Creative Long Distance Date Ideas To Keep You Going~~reddit.com|10 Creative Virtual Date Ideas (no Netflix Party)~~getpottd.eu|25 Best Long-Distance Relationship Date Night~~ldrdate.ca|LDR Date: Long Distance Date Ideas~~reddit.com|My partner is traveling to another city quite~~extension.usu.edu|27 Date Ideas For A Long Distance Relationship~~goodhousekeeping.com|40 Long-Distance Date Ideas to Keep the Spark~~kosmi.io|Long Distance Date Ideas - Virtual Date Night
best virtual gift for boyfriend	1	pinterest.com|Virtual Gift Ideas for Boyfriend~~gifft.me|Surprise Gift Service: Send Free Virtual Gifts~~reddit.com|Does anyone have any virtual gift ideas I can~~ourgiftverse.com|Virtual Gifts for Boyfriend (Long-Distance)~~giftsqr.com|virtual gifts for boyfriend - Free Create online~~pinterest.com|Virtual Gift Ideas~~qlovy.com|Free Digital Gift - Create a Personalized Gift~~oyehappy.com|Virtual Gifts - Send Digital Gift Online in India
website for girlfriend github	0	github.com|romantic-website GitHub Topics~~github.com|girlfriend GitHub Topics~~github.com|romantic GitHub Topics~~github.com|crush GitHub Topics~~reddit.com|Need Help with GitHub cos Im trying to build~~github.com|ritvikbhatia/LoveProject~~github.com|girlfriend GitHub Topics~~github.com|valentines-day GitHub Topics~~github.com|girlfriend GitHub Topics~~github.com|valentine-day GitHub Topics
website for girlfriend ideas	0	lovelydesign.in|Romantic Website Ideas for Your Girlfriend: 9~~yourlovepage.com|YourLovePage, A Love Website for Your Girlfriend~~pinterest.com|Love Website~~lovepage.io|LovePage.io: Create a Love Website~~pinterest.com|Romantic Website Design~~myheartcraft.com|Cute Websites to Send Your Boyfriend or Girlfriend~~github.com|romantic-website GitHub Topics~~giftsqr.com|surprise website for girlfriend - Free Create~~justmeantforyou.com|Cute Website for Your Girlfriend or Boyfriend~~reddit.com|I Built a Website to Propose to My Girlfriend
virtual date night for long distance	1	reddit.com|r/LongDistance - Virtual Date Ideas~~endlessdistances.com|27 Creative Long Distance Date Ideas To Keep You Going~~reddit.com|10 Creative Virtual Date Ideas (no Netflix Party)~~ldrdate.ca|LDR Date: Long Distance Date Ideas~~extension.usu.edu|27 Date Ideas For A Long Distance Relationship~~goodhousekeeping.com|40 Long-Distance Date Ideas to Keep the Spark~~reddit.com|Here are 20 long-distance date ideas that feel~~kosmi.io|Long Distance Date Ideas - Virtual Date Night~~thatraveller.com|20 Virtual Date ideas for Long Distance Besties
digital sorry card for gf	0	sorrycard.app|Sorry Card Maker - Free Apology Cards Online~~mewtrucard.com|Sorry Website for Girlfriend & Apology Card~~greetingsisland.com|Free Printable Sorry & Apology Cards~~saysorry.in|Best Sorry Website for Girlfriend, Boyfriend~~pinterest.com|Sorry Cards for Girlfriend~~mynameart.com|Create a sorry card online~~canva.com|Free printable customizable apology card te~~sendwishonline.com|Animated Sorry Cards Free Sorry GIF eCards~~subhsandesh.in|Cute Sorry Digital Card Maker with Photo Mem
sorry surprise link for girlfriend	1	heartgift.in|Sorry Surprise Link - an interactive sorry c~~mewtrucard.com|Sorry Website for Girlfriend & Apology Card~~saysorry.in|Best Sorry Website for Girlfriend, Boyfriend~~subhsandesh.in|Best Website to Say Sorry to Girlfriend - Bu~~sorry.myheartcraft.com|Say Sorry to Your Girlfriend - Personalized~~greetingsisland.com|Free Printable Sorry & Apology Cards~~hugnote.app|Sorry Message for Girlfriend Send Somethin~~aiskyla.com|Free Sorry / Apology Card for Girlfriend~~gifft.me|Surprise Gift Service: Send Free Virtual Gif
surprise message link for girlfriend	0	gifft.me|Surprise Gift Service: Send Free Virtual Gif~~2-luv.com|2luv: Create Your Digital Love Letter With Q~~instagram.com|Surprise Link For Girlfriend~~qlovy.com|Free Digital Gift - Create a Personalized Gi~~gifft.me|Virtual and Online Love Letter~~giftsqr.com|Free Love QR Code & Virtual Gift for Girlfri~~subhsandesh.in|Free Girlfriend Day Gift Online - Create a P~~aiskyla.com|AISkyLa Gifting - No. 1 Free Virtual Gift Se~~justmeantforyou.com|Digital Love Letter Website Create a Priva~~artrayd.com|Surprising Gift Service
virtual gift for girlfriend	0	gifft.me|Surprise Gift Service: Send Free Virtual Gif~~pinterest.com|Virtual Gifts for Girlfriend~~qlovy.com|Free Digital Gift - Create a Personalized Gi~~surprises.gift|Free Virtual Gifts & Online Surprises~~giftfeels.com|GiftFeels: Digital Gifts & Surprise Gift Lin~~2-luv.com|2luv: Create Your Digital Love Letter With Q~~subhsandesh.in|Free Girlfriend Day Gift Online - Create a P~~pinterest.com|Free Virtual Gift Ideas~~aiskyla.com|AISkyLa Gifting - No. 1 Free Virtual Gift Se
digital love letter for her	0	gifft.me|Virtual and Online Love Letter~~digitalloveletters.com|Digital Love Letters Online - Make Yours Now~~2-luv.com|2luv: Create Your Digital Love Letter With Q~~aiskyla.com|Digital Love Letter - Free, Animated & Sent~~lovetale.app|LoveTale - Create Beautiful Interactive Love~~lovepaper.app|LovePaper - Digital Love Letter Website with~~emocia.net|Create a Digital Love Letter That Feels Aliv~~justmeantforyou.com|Digital Love Letter Website Create a Priva~~loveyoumake.com|LoveYouMake: Create a Personalized Digital L
online gift maker for gf	0	gifft.me|Surprise Gift Service: Send Free Virtual Gif~~surprises.gift|Free Virtual Gifts & Online Surprises~~2-luv.com|2luv: Create Your Digital Love Letter With Q~~qlovy.com|Free Digital Gift - Create a Personalized Gi~~aiskyla.com|AISkyLa Gifting - No. 1 Free Virtual Gift Se~~subhsandesh.in|Free Girlfriend Day Gift Online - Create a P~~creativegift.site|Free Virtual Gift Maker - Create Surprise Gi~~gifft.me|Virtual and Online Love Letter~~oyegifts.com|Gifts for Girlfriend Online Unique Romanti
digital gift for her	1	gifft.me|Surprise Gift Service: Send Free Virtual Gif~~giftfeels.com|GiftFeels: Digital Gifts & Surprise Gift Lin~~qlovy.com|Free Digital Gift - Create a Personalized Gi~~pinterest.com|Virtual Gifts for Girlfriend~~aiskyla.com|AISkyLa Gifting - No. 1 Free Virtual Gift Se~~fnp.com|Online Gifts for Her Best Gift for Girls~~winni.in|Online Gift Delivery Send Gifts to India S~~amazon.in|Digital Gifts~~subhsandesh.in|Digital Gift Ideas for Girlfriend - 14 Ranked
free digital love letter for girlfriend	1	gifft.me|Virtual and Online Love Letter~~aiskyla.com|Digital Love Letter - Free, Animated & Sent~~2-luv.com|2luv: Create Your Digital Love Letter With Q~~lovepaper.app|LovePaper - Digital Love Letter Website with~~emocia.net|Create a Digital Love Letter That Feels Aliv~~lovetale.app|LoveTale - Create Beautiful Interactive Love~~justmeantforyou.com|Digital Love Letter Maker Create a Romanti~~canva.com|Free and customizable love templates~~lovetales.ai|Free AI Love Letter Generator Personalized
digital love letter template	0	2-luv.com|2luv: Create Your Digital Love Letter With Q~~canva.com|Free and customizable love templates~~gifft.me|Virtual and Online Love Letter~~adobe.com|Free Love Letter Templates~~aiskyla.com|Digital Love Letter - Free, Animated & Sent~~lovetale.app|LoveTale - Create Beautiful Interactive Love~~lovepaper.app|LovePaper - Digital Love Letter Website with~~magnific.com|Love letter template Vectors - Download Free~~pinterest.com|Canva Love Letter Template
virtual gift for girlfriend free	1	gifft.me|Create Free Virtual Gifts Online~~aiskyla.com|AISkyLa Gifting - No. 1 Free Virtual Gift Se~~qlovy.com|Free Digital Gift - Create a Personalized Gi~~subhsandesh.in|Free Girlfriend Day Gift Online - Create a P~~digiflower.net|Virtual Gifts for Girlfriend - Romantic Idea~~surprises.gift|Free Virtual Gifts & Online Surprises~~2-luv.com|2luv: Create Your Digital Love Letter With Q
website for girlfriend surprise	1	gifft.me|Surprise Gift Service: Send Free Virtual Gif~~yourlovepage.com|YourLovePage, A Love Website for Your Girlfr~~subhsandesh.in|Free Girlfriend Day Gift Online - Create a P~~giftsqr.com|Free Love QR Code & Virtual Gift for Girlfri~~qlovy.com|Free Digital Gift - Create a Personalized Gi~~ai.mobirise.com|Surprise Website for Your Girlfriend: A Spec~~artrayd.com|Surprising Gift Service~~instagram.com|Interactive Websites For Girlfriend Surprise
how to surprise your girlfriend on whatsapp	1	wikihow.com|How to Make a Girl Feel Special with Text Me~~lovelydesign.in|13 Girlfriend Day Surprise Ideas That Catch~~thoughtcatalog.com|26 Texts That Will Make Your Girlfriend Love~~giftsqr.com|surprise link for girlfriend - Free Create~~tinyminymo.com|10 Romantic Message Ideas to Add With Your G~~hitched.co.uk|180 Romantic, Cute & Funny Love Quotes~~pinterest.com|What to Surprise Your Girlfriend With
website for girlfriend free	1	yourlovepage.online|Love Website for Girlfriend or Boyfriend - F~~yourlovepage.com|YourLovePage, A Love Website for Your Girlfr~~giftsqr.com|surprise website for girlfriend - Free Cre~~subhsandesh.in|Free Girlfriend Day Gift Online - Create a P~~couple.me|AI Girlfriend Chat: Create Your AI GF Free~~kupid.ai|Create Your AI Girlfriend for Free~~aixploria.com|Best AI Girlfriend Apps & Websites in 2026~~justmeantforyou.com|Cute Website for Your Girlfriend or Boyfrien~~gifft.me|Surprise Gift Service: Send Free Virtual Gif
online gift maker for bf	0	gifft.me|Surprise Gift Service: Send Free Virtual Gif~~giftsqr.com|virtual gifts for boyfriend - Free Create~~qlovy.com|Free Digital Gift - Create a Personalized Gi~~gifft.me|Virtual and Online Love Letter~~oyegifts.com|Unique & Romantic Gift for Boyfriend India~~2-luv.com|2luv: Create Your Digital Love Letter With Q~~canvaschamp.in|Personalized Gifts for Boyfriend Customize~~giftalove.com|Personalised Gifts for Boyfriend Online: Uni~~yygifty.com|YY Gifty: Surprise Gift Service Website
virtual gift ideas for her	1	gifft.me|Surprise Gift Service: Send Free Virtual Gif~~pinterest.com|Virtual Gifts for Girlfriend~~giftfeels.com|GiftFeels: Digital Gifts & Surprise Gift Lin~~qlovy.com|Free Digital Gift - Create a Personalized Gi~~fnp.com|Online Gifts for Her Best Gift for Girls~~giftcart.com|Best Digital & Virtual Gifts Ideas Unique~~giftory.com|At Home & Virtual Experiences Gifts~~goodhousekeeping.com|29 Best Virtual and Digital Gifts for Last-M
virtual gift link for boyfriend	1	gifft.me|Surprise Gift Service: Send Free Virtual Gif~~giftsqr.com|virtual gifts for boyfriend - Free Create~~qlovy.com|Free Digital Gift - Create a Personalized Gi~~pinterest.com|Virtual Gift Ideas for Boyfriend~~2-luv.com|2luv: Create Your Digital Love Letter With Q~~yygifty.com|YY Gifty: Surprise Gift Service Website~~gifft.me|Virtual and Online Love Letter~~oyehappy.com|Virtual Gifts - Send Digital Gift Online in~~pinterest.com|Virtual Gift Ideas
digital card maker for boyfriend	1	mewtrucard.com|Make a Love Card They Open as a Link~~paperlesspost.com|Love Cards Free Digital Ecards, Track Open~~greetingsisland.com|Free Printable I Love You & Romance Cards~~canva.com|Craft Heartfelt eCards for Your Loved Ones~~gifft.me|Virtual and Online Love Letter~~eventkingdom.com|Send Love Letters Online~~mynameart.com|Online Love Greeting Card Maker~~adobe.com|Free Card Maker: Create Your Own Cards Onlin~~kudoboard.com|Birthday Cards for Boyfriend from a Group
propose day surprise link for girlfriend	1	giftsqr.com|surprise link for marriage proposal free~~pixeryhub.com|Propose Link Generator~~bemyval.co|BeMyVal - Date Proposal Website Maker for Lo~~heartgift.in|Proposal Surprise Link - Send a Will You Ma~~ai.mobirise.com|Propose Day Website: Yes/No Questions & I L~~saysorry.in|Create Romantic Surprise Website with Photos~~gifft.me|Create Free Virtual Gifts Online~~offerswall.in|Create Your Propose Day Surprise~~giftfeels.com|GiftFeels: Digital Gifts & Surprise Gift Lin
website for girlfriend anniversary ideas	1	yourlovepage.com|YourLovePage, A Love Website for Your Girlfr~~lovelydesign.in|Romantic Website Ideas for Your Girlfriend~~github.com|romantic-website GitHub Topics~~vidday.com|Create Meaningful AI-Generated Anniversary W~~canva.com|40+ Anniversary Ideas for Her~~lovepage.io|LovePage.io: Create a Love Website for Your~~subhsandesh.in|Anniversary Surprise for Girlfriend Online~~ai.mobirise.com|Cute & Filled Anniversary Website for Girlfr~~gifft.me|Surprise Gift Service: Send Free Virtual Gif
virtual date night games free	1	endlessdistances.com|20 (Actually Fun) Online Games for Long Dist~~trylovely.app|Free Couple Games to Play Online Lovely~~play.google.com|Lovify: Fun Couple Games~~lovebae.app|Free Couple Games Online: Truth or Dare, Qui~~adamandeveloveapp.com|Virtual Date Night Games for Couples - Play~~kosmi.io|Long Distance Date Ideas - Virtual Date Nigh~~poki.com|Love Games - Play Online for Free!~~rosebud.ai|Romance Games - Rosebud AI
