keyword,cluster_id,source_url,source_domain,evidence_type,intent,page_type_required,est_volume,volume_source,weakness_count,gate_failed,bucket,priority_score,ranking_urls,category,action,prior_run_verdict,own_url,own_position,expected_clicks,trend,peak_window,publish_by,demand_rank,requested_tier,conversion_fit,live_overlap,nearest_live,prior_run_overlap,nearest_prior_keyword
virtual gift,cat_head,https://www.google.com/search?q=virtual+gift&gl=in,"google.com (India SERP, Firecrawl 2026-09-15)",SERP-MEASURED,transactional,tool + blog,"3,000-10,000/mo",EST,5,,winnable-now,80,gifft.me/qlovy/surprises.gift,cat_head,new-page,,,none,429,evergreen,year-round,,,T1,5,0.5,,0.67,
digital gift,cat_head,https://www.google.com/search?q=digital+gift&gl=in,"google.com (India SERP, Firecrawl 2026-09-15)",SERP-MEASURED,transactional,tool + blog,"3,000-10,000/mo",EST,5,,winnable-now,80,gifft.me/qlovy/surprises.gift,cat_head,new-page,,,none,429,evergreen,year-round,,,T1,5,0.67,digital-flower-gift,0.67,
online gift for girlfriend,cat_partner,https://www.google.com/search?q=online+gift+for+girlfriend&gl=in,"google.com (India SERP, Firecrawl 2026-09-15)",SERP-MEASURED,transactional,tool + blog,"3,000-10,000/mo",EST,5,,winnable-now,80,gifft.me/qlovy/digiflower/giftsqr,cat_partner,new-page,,,none,429,evergreen,year-round,,,T1,5,0.75,birthday-gift-for-girlfriend-online,0.5,
virtual gift for boyfriend,cat_partner,https://www.google.com/search?q=virtual+gift+for+boyfriend&gl=in,"google.com (India SERP, Firecrawl 2026-09-15)",SERP-MEASURED,transactional,tool + blog,"3,000-10,000/mo",EST,5,,own-it-already,80,gifft.me/qlovy/digiflower/giftsqr,cat_partner,improve-existing,2026-09-04-digital-gift:own-it-already,,none,429,evergreen,year-round,,,T1,5,0.4,,1.0,virtual gift for boyfriend
digital gift for girlfriend,cat_partner,https://www.google.com/search?q=digital+gift+for+girlfriend&gl=in,"google.com (India SERP, Firecrawl 2026-09-15)",SERP-MEASURED,transactional,tool + blog,"3,000-10,000/mo",EST,5,,winnable-now,80,gifft.me/qlovy/digiflower/giftsqr,cat_partner,new-page,2026-08-31-love-gf:winnable-now,,none,429,evergreen,year-round,,,T1,5,0.75,digital-gift-for-girlfriend-day,1.0,digital gift ideas for girlfriend
virtual gifts for boyfriend,cat_partner,https://www.google.com/search?q=virtual+gifts+for+boyfriend&gl=in,"google.com (India SERP, Firecrawl 2026-09-15)",SERP-MEASURED,transactional,tool + blog,"3,000-10,000/mo",EST,5,,winnable-now,80,gifft.me/qlovy/digiflower/giftsqr,cat_partner,new-page,,,none,429,evergreen,year-round,,15,T1,5,0.4,,0.5,
online gift for girlfriend india,cat_partner,https://www.google.com/search?q=online+gift+for+girlfriend+india&gl=in,"google.com (India SERP, Firecrawl 2026-09-15)",SERP-MEASURED,transactional,tool + blog,"3,000-10,000/mo",EST,5,,winnable-now,80,gifft.me/qlovy/digiflower/giftsqr,cat_partner,new-page,,,none,429,evergreen,year-round,,,T1,5,0.6,birthday-gift-for-girlfriend-online,0.4,
virtual gift ideas for boyfriend,cat_partner,https://www.google.com/search?q=virtual+gift+ideas+for+boyfriend&gl=in,"google.com (India SERP, Firecrawl 2026-09-15)",SERP-MEASURED,transactional,tool + blog,"3,000-10,000/mo",EST,5,,own-it-already,80,gifft.me/qlovy/digiflower/giftsqr,cat_partner,improve-existing,2026-09-04-digital-gift:own-it-already,,none,429,evergreen,year-round,,,T1,5,0.4,,1.0,virtual gift for boyfriend
online gift for boyfriend,cat_partner,https://www.google.com/search?q=online+gift+for+boyfriend&gl=in,"google.com (India SERP, Firecrawl 2026-09-15)",SERP-MEASURED,transactional,tool + blog,"3,000-10,000/mo",EST,5,,winnable-now,80,gifft.me/qlovy/digiflower/giftsqr,cat_partner,new-page,,,none,429,evergreen,year-round,,,T1,5,0.75,online-birthday-gift-for-boyfriend,0.5,
virtual gift for girlfriend,cat_partner,https://www.google.com/search?q=virtual+gift+for+girlfriend&gl=in,"google.com (India SERP, Firecrawl 2026-09-15)",SERP-MEASURED,transactional,tool + blog,"3,000-10,000/mo",EST,5,,own-it-already,80,gifft.me/qlovy/digiflower/giftsqr,cat_partner,improve-existing,2026-09-04-digital-gift:own-it-already,,none,429,evergreen,year-round,,,T1,5,0.6,virtual-gift-for-long-distance-girlfriend,1.0,virtual gift for girlfriend
virtual gifts for girlfriend,cat_partner,https://www.google.com/search?q=virtual+gifts+for+girlfriend&gl=in,"google.com (India SERP, Firecrawl 2026-09-15)",SERP-MEASURED,transactional,tool + blog,"3,000-10,000/mo",EST,5,,winnable-now,80,gifft.me/qlovy/digiflower/giftsqr,cat_partner,new-page,,,none,429,evergreen,year-round,,,T1,5,0.5,,0.5,
virtual gift for boyfriend birthday,cat_partner,https://www.google.com/search?q=virtual+gift+for+boyfriend+birthday&gl=in,"google.com (India SERP, Firecrawl 2026-09-15)",SERP-MEASURED,transactional,tool + blog,"3,000-10,000/mo",EST,5,,winnable-now,80,gifft.me/qlovy/digiflower/giftsqr,cat_partner,new-page,,,none,429,evergreen,year-round,,,T1,5,0.6,online-birthday-gift-for-boyfriend,0.75,
virtual gift for bf,cat_mid,https://www.google.com/search?q=virtual+gift+for+bf&gl=in,"google.com (India SERP, Firecrawl 2026-09-15)",SERP-ARCHETYPE,transactional,tool + blog,"1,000-3,000/mo",EST,5,,winnable-now,60,niche digital-gift startups,cat_mid,new-page,,,none,132,evergreen,year-round,,13,T1,5,0.4,,0.5,
digital gift for boyfriend,cat_mid,https://www.google.com/search?q=digital+gift+for+boyfriend&gl=in,"google.com (India SERP, Firecrawl 2026-09-15)",SERP-ARCHETYPE,transactional,tool + blog,"1,000-3,000/mo",EST,5,,own-it-already,60,niche digital-gift startups,cat_mid,improve-existing,2026-09-04-digital-gift:own-it-already,,none,132,evergreen,year-round,,,T1,5,0.5,,1.0,digital gift for boyfriend
online gift ideas for boyfriend,cat_mid,https://www.google.com/search?q=online+gift+ideas+for+boyfriend&gl=in,"google.com (India SERP, Firecrawl 2026-09-15)",SERP-ARCHETYPE,transactional,tool + blog,"1,000-3,000/mo",EST,5,,winnable-now,60,niche digital-gift startups,cat_mid,new-page,,,none,132,evergreen,year-round,,,T1,5,0.75,online-birthday-gift-for-boyfriend,0.5,
digital gift ideas,cat_mid,https://www.google.com/search?q=digital+gift+ideas&gl=in,"google.com (India SERP, Firecrawl 2026-09-15)",SERP-ARCHETYPE,transactional,tool + blog,"1,000-3,000/mo",EST,5,,winnable-now,60,niche digital-gift startups,cat_mid,new-page,,,none,132,evergreen,year-round,,,T1,5,0.67,digital-flower-gift,0.67,
online gift ideas,cat_mid,https://www.google.com/search?q=online+gift+ideas&gl=in,"google.com (India SERP, Firecrawl 2026-09-15)",SERP-ARCHETYPE,transactional,tool + blog,"1,000-3,000/mo",EST,5,,winnable-now,60,niche digital-gift startups,cat_mid,new-page,,,none,132,evergreen,year-round,,,T1,5,0.5,,0.67,
best online gift for girlfriend,cat_mid,https://www.google.com/search?q=best+online+gift+for+girlfriend&gl=in,"google.com (India SERP, Firecrawl 2026-09-15)",SERP-ARCHETYPE,transactional,tool + blog,"1,000-3,000/mo",EST,5,,winnable-now,60,niche digital-gift startups,cat_mid,new-page,,,none,132,evergreen,year-round,,,T1,5,0.75,birthday-gift-for-girlfriend-online,0.5,
virtual gift ideas,cat_mid,https://www.google.com/search?q=virtual+gift+ideas&gl=in,"google.com (India SERP, Firecrawl 2026-09-15)",SERP-ARCHETYPE,transactional,tool + blog,"1,000-3,000/mo",EST,5,,winnable-now,60,niche digital-gift startups,cat_mid,new-page,,,none,132,evergreen,year-round,,,T1,5,0.5,,0.67,
digital gift ideas for girlfriend,cat_mid,https://www.google.com/search?q=digital+gift+ideas+for+girlfriend&gl=in,"google.com (India SERP, Firecrawl 2026-09-15)",SERP-ARCHETYPE,transactional,tool + blog,"1,000-3,000/mo",EST,5,,winnable-now,60,niche digital-gift startups,cat_mid,new-page,2026-08-31-love-gf:winnable-now,,none,132,evergreen,year-round,,,T1,5,0.75,digital-gift-for-girlfriend-day,1.0,digital gift ideas for girlfriend
virtual gift for boyfriend long distance,ldr_virtual,https://www.google.com/search?q=virtual+gift+for+boyfriend+long+distance&gl=in,"google.com (India SERP, Firecrawl 2026-09-15)",SERP-MEASURED,transactional,tool + blog,"1,000-3,000/mo",EST,5,,winnable-now,60,ourgiftverse/digiflower/messagear,ldr_virtual,new-page,,,none,132,evergreen,year-round,,,T1,5,0.67,virtual-birthday-gift-for-long-distance,0.67,
virtual gifts for long distance boyfriend,ldr_virtual,https://www.google.com/search?q=virtual+gifts+for+long+distance+boyfriend&gl=in,"google.com (India SERP, Firecrawl 2026-09-15)",SERP-MEASURED,transactional,tool + blog,"1,000-3,000/mo",EST,5,,winnable-now,60,ourgiftverse/digiflower/messagear,ldr_virtual,new-page,,,none,132,evergreen,year-round,,,T1,5,0.43,,0.67,
virtual gift for best friend,cat_mid,https://www.google.com/search?q=virtual+gift+for+best+friend&gl=in,"google.com (India SERP, Firecrawl 2026-09-15)",SERP-ARCHETYPE,transactional,tool + blog,"1,000-3,000/mo",EST,5,,winnable-now,60,niche digital-gift startups,cat_mid,new-page,,,none,132,evergreen,year-round,,3,T1,5,0.5,,0.5,
surprise gift for girlfriend website,mechanic_hi,https://www.google.com/search?q=surprise+gift+for+girlfriend+website&gl=in,"google.com (India SERP, Firecrawl 2026-09-15)",SERP-ARCHETYPE,transactional,tool page,"1,000-3,000/mo",EST,6,,winnable-now,60,Pinterest/Reddit + small tools,mechanic_hi,new-page,,,none,132,evergreen,year-round,,9,T3,5,0.4,,0.75,
surprise gift for girlfriend link,mechanic_hi,https://www.google.com/search?q=surprise+gift+for+girlfriend+link&gl=in,"google.com (India SERP, Firecrawl 2026-09-15)",SERP-ARCHETYPE,transactional,tool page,"1,000-3,000/mo",EST,6,,winnable-now,60,Pinterest/Reddit + small tools,mechanic_hi,new-page,,,none,132,evergreen,year-round,,9,T3,5,0.4,,0.75,
online gift for girlfriend link,mechanic_hi,https://www.google.com/search?q=online+gift+for+girlfriend+link&gl=in,"google.com (India SERP, Firecrawl 2026-09-15)",SERP-ARCHETYPE,transactional,tool page,"1,000-3,000/mo",EST,6,,winnable-now,60,Pinterest/Reddit + small tools,mechanic_hi,new-page,,,none,132,evergreen,year-round,,,T3,5,0.6,birthday-gift-for-girlfriend-online,0.4,
online gift for girlfriend website,mechanic_hi,https://www.google.com/search?q=online+gift+for+girlfriend+website&gl=in,"google.com (India SERP, Firecrawl 2026-09-15)",SERP-ARCHETYPE,transactional,tool page,"1,000-3,000/mo",EST,6,,winnable-now,60,Pinterest/Reddit + small tools,mechanic_hi,new-page,,,none,132,evergreen,year-round,,,T3,5,0.6,birthday-gift-for-girlfriend-online,0.5,
what can i gift my girlfriend,question,https://www.google.com/search?q=what+can+i+gift+my+girlfriend&gl=in,"google.com (India SERP, Firecrawl 2026-09-15)",SERP-MEASURED,transactional,blog how-to,"1,000-3,000/mo",EST,4,,medium,36,Reddit/Quora/Wirecutter,question,new-page,,,none,88,evergreen,year-round,,,T5,4,0.67,girlfriend-day-gift-ideas,0.67,
what should i gift my girlfriend,question,https://www.google.com/search?q=what+should+i+gift+my+girlfriend&gl=in,"google.com (India SERP, Firecrawl 2026-09-15)",SERP-MEASURED,transactional,blog how-to,"1,000-3,000/mo",EST,4,,medium,36,Reddit/Quora/Wirecutter,question,new-page,,,none,88,evergreen,year-round,,,T5,4,0.67,girlfriend-day-gift-ideas,0.67,
what will be the best gift for girlfriend,question,https://www.google.com/search?q=what+will+be+the+best+gift+for+girlfriend&gl=in,"google.com (India SERP, Firecrawl 2026-09-15)",SERP-MEASURED,transactional,blog how-to,"1,000-3,000/mo",EST,4,,medium,36,Reddit/Quora/Wirecutter,question,new-page,,,none,88,evergreen,year-round,,11,T5,4,0.4,,0.4,
what should i give my girlfriend as a gift,question,https://www.google.com/search?q=what+should+i+give+my+girlfriend+as+a+gift&gl=in,"google.com (India SERP, Firecrawl 2026-09-15)",SERP-MEASURED,transactional,blog how-to,"1,000-3,000/mo",EST,4,,medium,36,Reddit/Quora/Wirecutter,question,new-page,,,none,88,evergreen,year-round,,11,T5,4,0.4,,0.4,
how to surprise girlfriend online,question,https://www.google.com/search?q=how+to+surprise+girlfriend+online&gl=in,"google.com (India SERP, Firecrawl 2026-09-15)",SERP-MEASURED,transactional,blog how-to,"1,000-3,000/mo",EST,4,,medium,36,Reddit/Quora/Wirecutter,question,new-page,2026-08-31-love-gf:winnable-now,,none,88,evergreen,year-round,,,T5,4,0.75,how-to-surprise-girlfriend-on-birthday-online,1.0,how can i surprise my girlfriend online
online virtual gifts for boyfriend,cat_lt,https://www.google.com/search?q=online+virtual+gifts+for+boyfriend&gl=in,"google.com (India SERP, Firecrawl 2026-09-15)",SERP-ARCHETYPE,transactional,tool + blog,"300-1,000/mo",EST,6,,winnable-now,40,"thin, niche startups + Pinterest",cat_lt,new-page,,,none,43,evergreen,year-round,,3,T1,5,0.4,,0.4,
virtual gift link free,mechanic,https://www.google.com/search?q=virtual+gift+link+free&gl=in,"google.com (India SERP, Firecrawl 2026-09-15)",SERP-ARCHETYPE,transactional,tool page,"300-1,000/mo",EST,6,,winnable-now,40,Pinterest/Reddit + small tools,mechanic,new-page,,,none,43,evergreen,year-round,,5,T3,5,0.33,,0.75,
virtual gift maker free,mechanic,https://www.google.com/search?q=virtual+gift+maker+free&gl=in,"google.com (India SERP, Firecrawl 2026-09-15)",SERP-ARCHETYPE,transactional,tool page,"300-1,000/mo",EST,6,,winnable-now,40,Pinterest/Reddit + small tools,mechanic,new-page,,,none,43,evergreen,year-round,,3,T3,5,0.33,,0.75,
virtual gift link generator free,mechanic,https://www.google.com/search?q=virtual+gift+link+generator+free&gl=in,"google.com (India SERP, Firecrawl 2026-09-15)",SERP-ARCHETYPE,transactional,tool page,"300-1,000/mo",EST,6,,winnable-now,40,Pinterest/Reddit + small tools,mechanic,new-page,,,none,43,evergreen,year-round,,1,T3,5,0.33,,0.6,
virtual gift maker online free,mechanic,https://www.google.com/search?q=virtual+gift+maker+online+free&gl=in,"google.com (India SERP, Firecrawl 2026-09-15)",SERP-ARCHETYPE,transactional,tool page,"300-1,000/mo",EST,6,,winnable-now,40,Pinterest/Reddit + small tools,mechanic,new-page,,,none,43,evergreen,year-round,,2,T3,5,0.5,,0.6,
virtual gift website for boyfriend,mechanic,https://www.google.com/search?q=virtual+gift+website+for+boyfriend&gl=in,"google.com (India SERP, Firecrawl 2026-09-15)",SERP-ARCHETYPE,transactional,tool page,"300-1,000/mo",EST,6,,winnable-now,40,Pinterest/Reddit + small tools,mechanic,new-page,,,none,43,evergreen,year-round,,3,T3,5,0.33,,0.75,
virtual gift service for boyfriend,mechanic,https://www.google.com/search?q=virtual+gift+service+for+boyfriend&gl=in,"google.com (India SERP, Firecrawl 2026-09-15)",SERP-ARCHETYPE,transactional,tool page,"300-1,000/mo",EST,6,,winnable-now,40,Pinterest/Reddit + small tools,mechanic,new-page,,,none,43,evergreen,year-round,,3,T3,5,0.33,,0.75,
send free virtual gifts online,mechanic,https://www.google.com/search?q=send+free+virtual+gifts+online&gl=in,"google.com (India SERP, Firecrawl 2026-09-15)",SERP-ARCHETYPE,transactional,tool page,"300-1,000/mo",EST,6,,winnable-now,40,Pinterest/Reddit + small tools,mechanic,new-page,,,none,43,evergreen,year-round,,2,T3,5,0.5,,0.33,
free virtual gifts for boyfriend birthday,mechanic,https://www.google.com/search?q=free+virtual+gifts+for+boyfriend+birthday&gl=in,"google.com (India SERP, Firecrawl 2026-09-15)",SERP-ARCHETYPE,transactional,tool page,"300-1,000/mo",EST,6,,winnable-now,40,Pinterest/Reddit + small tools,mechanic,new-page,,,none,43,evergreen,year-round,,3,T3,5,0.29,,0.5,
virtual gifts for long distance boyfriend free,mechanic,https://www.google.com/search?q=virtual+gifts+for+long+distance+boyfriend+free&gl=in,"google.com (India SERP, Firecrawl 2026-09-15)",SERP-ARCHETYPE,transactional,tool page,"300-1,000/mo",EST,6,,winnable-now,40,Pinterest/Reddit + small tools,mechanic,new-page,,,none,43,evergreen,year-round,,3,T3,5,0.38,,0.57,
digital gift website,mechanic,https://www.google.com/search?q=digital+gift+website&gl=in,"google.com (India SERP, Firecrawl 2026-09-15)",SERP-ARCHETYPE,transactional,tool page,"300-1,000/mo",EST,6,,winnable-now,40,Pinterest/Reddit + small tools,mechanic,new-page,,,none,43,evergreen,year-round,,3,T3,5,0.5,,0.5,
virtual gift service,mechanic,https://www.google.com/search?q=virtual+gift+service&gl=in,"google.com (India SERP, Firecrawl 2026-09-15)",SERP-ARCHETYPE,transactional,tool page,"300-1,000/mo",EST,6,,winnable-now,40,Pinterest/Reddit + small tools,mechanic,new-page,,,none,43,evergreen,year-round,,4,T3,5,0.4,,0.5,
personalised gift website for girlfriend,mechanic,https://www.google.com/search?q=personalised+gift+website+for+girlfriend&gl=in,"google.com (India SERP, Firecrawl 2026-09-15)",SERP-ARCHETYPE,transactional,tool page,"300-1,000/mo",EST,6,,winnable-now,40,Pinterest/Reddit + small tools,mechanic,new-page,,,none,43,evergreen,year-round,,,T3,5,0.4,,0.5,
make a surprise website for girlfriend,mechanic,https://www.google.com/search?q=make+a+surprise+website+for+girlfriend&gl=in,"google.com (India SERP, Firecrawl 2026-09-15)",SERP-ARCHETYPE,transactional,tool page,"300-1,000/mo",EST,6,,winnable-now,40,Pinterest/Reddit + small tools,mechanic,new-page,,,none,43,evergreen,year-round,,,T3,5,0.33,,0.75,
create online gift page for boyfriend,mechanic,https://www.google.com/search?q=create+online+gift+page+for+boyfriend&gl=in,"google.com (India SERP, Firecrawl 2026-09-15)",SERP-ARCHETYPE,transactional,tool page,"300-1,000/mo",EST,6,,winnable-now,40,Pinterest/Reddit + small tools,mechanic,new-page,,,none,43,evergreen,year-round,,,T3,5,0.5,,0.33,
gift link for girlfriend,mechanic,https://www.google.com/search?q=gift+link+for+girlfriend&gl=in,"google.com (India SERP, Firecrawl 2026-09-15)",SERP-ARCHETYPE,transactional,tool page,"300-1,000/mo",EST,6,,winnable-now,40,Pinterest/Reddit + small tools,mechanic,new-page,,,none,43,evergreen,year-round,,,T3,5,0.5,,0.5,
surprise link for boyfriend,mechanic,https://www.google.com/search?q=surprise+link+for+boyfriend&gl=in,"google.com (India SERP, Firecrawl 2026-09-15)",SERP-ARCHETYPE,transactional,tool page,"300-1,000/mo",EST,6,,winnable-now,40,Pinterest/Reddit + small tools,mechanic,new-page,,,none,43,evergreen,year-round,,,T3,5,0.4,,0.5,
online surprise page for girlfriend,mechanic,https://www.google.com/search?q=online+surprise+page+for+girlfriend&gl=in,"google.com (India SERP, Firecrawl 2026-09-15)",SERP-ARCHETYPE,transactional,tool page,"300-1,000/mo",EST,6,,winnable-now,40,Pinterest/Reddit + small tools,mechanic,new-page,,,none,43,evergreen,year-round,,,T3,5,0.6,how-to-surprise-girlfriend-on-birthday-online,0.75,
virtual gift video free,mechanic,https://www.google.com/search?q=virtual+gift+video+free&gl=in,"google.com (India SERP, Firecrawl 2026-09-15)",SERP-ARCHETYPE,transactional,tool page,"300-1,000/mo",EST,6,,winnable-now,40,Pinterest/Reddit + small tools,mechanic,new-page,,,none,43,evergreen,year-round,,1,T3,5,0.33,,0.75,
digital surprise for boyfriend online,mechanic,https://www.google.com/search?q=digital+surprise+for+boyfriend+online&gl=in,"google.com (India SERP, Firecrawl 2026-09-15)",SERP-ARCHETYPE,transactional,tool page,"300-1,000/mo",EST,6,,winnable-now,40,Pinterest/Reddit + small tools,mechanic,new-page,,,none,43,evergreen,year-round,,,T3,5,0.33,,0.75,
shareable gift link for couples,mechanic,https://www.google.com/search?q=shareable+gift+link+for+couples&gl=in,"google.com (India SERP, Firecrawl 2026-09-15)",SERP-ARCHETYPE,transactional,tool page,"300-1,000/mo",EST,6,,winnable-now,40,Pinterest/Reddit + small tools,mechanic,new-page,,,none,43,evergreen,year-round,,,T3,5,0.17,,0.4,
online gift with photo and music,mechanic,https://www.google.com/search?q=online+gift+with+photo+and+music&gl=in,"google.com (India SERP, Firecrawl 2026-09-15)",SERP-ARCHETYPE,transactional,tool page,"300-1,000/mo",EST,6,,winnable-now,40,Pinterest/Reddit + small tools,mechanic,new-page,,,none,43,evergreen,year-round,,,T3,5,0.33,,0.4,
virtual anniversary gift for boyfriend,cat_lt,https://www.google.com/search?q=virtual+anniversary+gift+for+boyfriend&gl=in,"google.com (India SERP, Firecrawl 2026-09-15)",SERP-ARCHETYPE,transactional,tool + blog,"300-1,000/mo",EST,6,,winnable-now,40,"thin, niche startups + Pinterest",cat_lt,new-page,,,none,43,evergreen,year-round,,,T4,5,0.33,,0.75,
digital anniversary gift for girlfriend,cat_lt,https://www.google.com/search?q=digital+anniversary+gift+for+girlfriend&gl=in,"google.com (India SERP, Firecrawl 2026-09-15)",SERP-ARCHETYPE,transactional,tool + blog,"300-1,000/mo",EST,6,,winnable-now,40,"thin, niche startups + Pinterest",cat_lt,new-page,,,none,43,evergreen,year-round,,,T4,5,0.6,digital-gift-for-girlfriend-day,0.75,
virtual valentine gift for boyfriend,cat_lt,https://www.google.com/search?q=virtual+valentine+gift+for+boyfriend&gl=in,"google.com (India SERP, Firecrawl 2026-09-15)",SERP-ARCHETYPE,transactional,tool + blog,"300-1,000/mo",EST,6,,winnable-now,40,"thin, niche startups + Pinterest",cat_lt,new-page,,,none,43,evergreen,year-round,,,T4,5,0.4,,0.75,
online valentine gift for girlfriend,cat_lt,https://www.google.com/search?q=online+valentine+gift+for+girlfriend&gl=in,"google.com (India SERP, Firecrawl 2026-09-15)",SERP-ARCHETYPE,transactional,tool + blog,"300-1,000/mo",EST,6,,winnable-now,40,"thin, niche startups + Pinterest",cat_lt,new-page,,,none,43,evergreen,year-round,,,T4,5,0.6,birthday-gift-for-girlfriend-online,0.43,
digital birthday gift for girlfriend,cat_lt,https://www.google.com/search?q=digital+birthday+gift+for+girlfriend&gl=in,"google.com (India SERP, Firecrawl 2026-09-15)",SERP-ARCHETYPE,transactional,tool + blog,"300-1,000/mo",EST,6,,winnable-now,40,"thin, niche startups + Pinterest",cat_lt,new-page,,,none,43,evergreen,year-round,,,T4,5,0.6,birthday-gift-for-girlfriend-online,0.75,
online gift for girlfriend on new year,cat_lt,https://www.google.com/search?q=online+gift+for+girlfriend+on+new+year&gl=in,"google.com (India SERP, Firecrawl 2026-09-15)",SERP-ARCHETYPE,transactional,tool + blog,"300-1,000/mo",EST,6,,winnable-now,40,"thin, niche startups + Pinterest",cat_lt,new-page,,,none,43,evergreen,year-round,,3,T4,5,0.5,,0.43,
virtual rose day gift for girlfriend,cat_lt,https://www.google.com/search?q=virtual+rose+day+gift+for+girlfriend&gl=in,"google.com (India SERP, Firecrawl 2026-09-15)",SERP-ARCHETYPE,transactional,tool + blog,"300-1,000/mo",EST,6,,winnable-now,40,"thin, niche startups + Pinterest",cat_lt,new-page,,,none,43,evergreen,year-round,,,T4,5,0.6,girlfriend-day-gift-ideas,0.8,rose day gift for girlfriend
online propose day gift for girlfriend,cat_lt,https://www.google.com/search?q=online+propose+day+gift+for+girlfriend&gl=in,"google.com (India SERP, Firecrawl 2026-09-15)",SERP-ARCHETYPE,transactional,tool + blog,"300-1,000/mo",EST,6,,winnable-now,40,"thin, niche startups + Pinterest",cat_lt,new-page,,,none,43,evergreen,year-round,,,T4,5,0.67,free-girlfriend-day-gift-online,0.8,propose day gift for girlfriend
virtual hug day gift for boyfriend,cat_lt,https://www.google.com/search?q=virtual+hug+day+gift+for+boyfriend&gl=in,"google.com (India SERP, Firecrawl 2026-09-15)",SERP-ARCHETYPE,transactional,tool + blog,"300-1,000/mo",EST,6,,winnable-now,40,"thin, niche startups + Pinterest",cat_lt,new-page,,,none,43,evergreen,year-round,,,T4,5,0.33,,0.6,
online teddy day gift for girlfriend,cat_lt,https://www.google.com/search?q=online+teddy+day+gift+for+girlfriend&gl=in,"google.com (India SERP, Firecrawl 2026-09-15)",SERP-ARCHETYPE,transactional,tool + blog,"300-1,000/mo",EST,6,,winnable-now,40,"thin, niche startups + Pinterest",cat_lt,new-page,,,none,43,evergreen,year-round,,,T4,5,0.67,free-girlfriend-day-gift-online,0.5,
virtual gift for boyfriend anniversary,cat_lt,https://www.google.com/search?q=virtual+gift+for+boyfriend+anniversary&gl=in,"google.com (India SERP, Firecrawl 2026-09-15)",SERP-ARCHETYPE,transactional,tool + blog,"300-1,000/mo",EST,6,,winnable-now,40,"thin, niche startups + Pinterest",cat_lt,new-page,,,none,43,evergreen,year-round,,,T4,5,0.33,,0.75,
digital gift for wife birthday online,cat_lt,https://www.google.com/search?q=digital+gift+for+wife+birthday+online&gl=in,"google.com (India SERP, Firecrawl 2026-09-15)",SERP-ARCHETYPE,transactional,tool + blog,"300-1,000/mo",EST,6,,winnable-now,40,"thin, niche startups + Pinterest",cat_lt,new-page,,,none,43,evergreen,year-round,,,T4,5,0.5,,0.4,
online gift for husband anniversary free,cat_lt,https://www.google.com/search?q=online+gift+for+husband+anniversary+free&gl=in,"google.com (India SERP, Firecrawl 2026-09-15)",SERP-ARCHETYPE,transactional,tool + blog,"300-1,000/mo",EST,6,,winnable-now,40,"thin, niche startups + Pinterest",cat_lt,new-page,,,none,43,evergreen,year-round,,,T4,5,0.5,,0.33,
virtual christmas gift for girlfriend,cat_lt,https://www.google.com/search?q=virtual+christmas+gift+for+girlfriend&gl=in,"google.com (India SERP, Firecrawl 2026-09-15)",SERP-ARCHETYPE,transactional,tool + blog,"300-1,000/mo",EST,6,,winnable-now,40,"thin, niche startups + Pinterest",cat_lt,new-page,,,none,43,evergreen,year-round,,,T4,5,0.5,,0.75,
what is a virtual gift,definitional,https://www.google.com/search?q=what+is+a+virtual+gift&gl=in,"google.com (India SERP, Firecrawl 2026-09-15)",SERP-ARCHETYPE,transactional,blog how-to,"300-1,000/mo",EST,5,,winnable-now,32,Reddit/Quora + niche,definitional,new-page,,,none,43,evergreen,year-round,,,T5,4,0.5,,0.67,
virtual gift meaning,definitional,https://www.google.com/search?q=virtual+gift+meaning&gl=in,"google.com (India SERP, Firecrawl 2026-09-15)",SERP-ARCHETYPE,transactional,blog how-to,"300-1,000/mo",EST,5,,winnable-now,32,Reddit/Quora + niche,definitional,new-page,,,none,43,evergreen,year-round,,9,T5,4,0.4,,0.5,
how to send a virtual gift online,definitional,https://www.google.com/search?q=how+to+send+a+virtual+gift+online&gl=in,"google.com (India SERP, Firecrawl 2026-09-15)",SERP-ARCHETYPE,transactional,blog how-to,"300-1,000/mo",EST,5,,winnable-now,32,Reddit/Quora + niche,definitional,new-page,,,none,43,evergreen,year-round,,,T5,4,0.6,send-a-virtual-hug-online,0.4,
long distance boyfriend ko kya gift dena chahiye,definitional,https://www.google.com/search?q=long+distance+boyfriend+ko+kya+gift+dena+chahiye&gl=in,"google.com (India SERP, Firecrawl 2026-09-15)",SERP-ARCHETYPE,transactional,blog how-to,"300-1,000/mo",EST,5,,winnable-now,32,Reddit/Quora + niche,definitional,new-page,,,none,43,evergreen,year-round,,1,T5,4,0.3,,0.44,
long distance gift ideas no money,definitional,https://www.google.com/search?q=long+distance+gift+ideas+no+money&gl=in,"google.com (India SERP, Firecrawl 2026-09-15)",SERP-ARCHETYPE,transactional,blog how-to,"300-1,000/mo",EST,5,,winnable-now,32,Reddit/Quora + niche,definitional,new-page,,,none,43,evergreen,year-round,,2,T5,4,0.43,,0.43,
online gift for girlfriend birthday,cat_partner,https://www.google.com/search?q=online+gift+for+girlfriend+birthday&gl=in,"google.com (India SERP, Firecrawl 2026-09-15)",SERP-MEASURED,transactional,tool + blog,"3,000-10,000/mo",EST,5,gate3-dup-live,do-not-attempt,0,gifft.me/qlovy/digiflower/giftsqr,cat_partner,merge-into-existing,,https://subhsandesh.in/blog/birthday-gift-for-girlfriend-online,none,0,evergreen,year-round,,,T1,5,1.0,birthday-gift-for-girlfriend-online,0.4,
gift for girlfriend,phys_head,https://www.google.com/search?q=gift+for+girlfriend&gl=in,"google.com (India SERP, Firecrawl 2026-09-15)",SERP-MEASURED,commercial,ecom category,"10,000+/mo",EST,4,gate2-ecom-serp,do-not-attempt,0,amazon/target/wirecutter/uncommongoods,phys_head,do-not-write,,,none,0,evergreen,year-round,,,T2,2,0.67,girlfriend-day-gift-ideas,0.67,
gift for boyfriend,phys_head,https://www.google.com/search?q=gift+for+boyfriend&gl=in,"google.com (India SERP, Firecrawl 2026-09-15)",SERP-MEASURED,commercial,ecom category,"10,000+/mo",EST,4,gate2-ecom-serp,do-not-attempt,0,amazon/target/wirecutter/uncommongoods,phys_head,do-not-write,,,none,0,evergreen,year-round,,,T2,2,0.5,,0.67,
gift ideas for girlfriend,phys_head,https://www.google.com/search?q=gift+ideas+for+girlfriend&gl=in,"google.com (India SERP, Firecrawl 2026-09-15)",SERP-MEASURED,commercial,ecom category,"10,000+/mo",EST,4,gate2-ecom-serp,do-not-attempt,0,amazon/target/wirecutter/uncommongoods,phys_head,do-not-write,,,none,0,evergreen,year-round,,,T2,2,0.67,girlfriend-day-gift-ideas,0.67,
gift ideas for boyfriend,phys_head,https://www.google.com/search?q=gift+ideas+for+boyfriend&gl=in,"google.com (India SERP, Firecrawl 2026-09-15)",SERP-MEASURED,commercial,ecom category,"10,000+/mo",EST,4,gate2-ecom-serp,do-not-attempt,0,amazon/target/wirecutter/uncommongoods,phys_head,do-not-write,,,none,0,evergreen,year-round,,,T2,2,0.5,,0.67,
birthday gift for girlfriend,phys_occ,https://www.google.com/search?q=birthday+gift+for+girlfriend&gl=in,"google.com (India SERP, Firecrawl 2026-09-15)",SERP-ARCHETYPE,commercial,ecom category,"10,000+/mo",EST,4,gate2-ecom-serp,do-not-attempt,0,amazon/myntra/fnp/igp,phys_occ,do-not-write,,,none,0,evergreen,year-round,,,T2,2,0.75,birthday-gift-for-girlfriend-online,0.5,
birthday gift for boyfriend,phys_occ,https://www.google.com/search?q=birthday+gift+for+boyfriend&gl=in,"google.com (India SERP, Firecrawl 2026-09-15)",SERP-ARCHETYPE,commercial,ecom category,"10,000+/mo",EST,4,gate2-ecom-serp,do-not-attempt,0,amazon/myntra/fnp/igp,phys_occ,do-not-write,,,none,0,evergreen,year-round,,,T2,2,0.75,online-birthday-gift-for-boyfriend,0.75,
anniversary gift for girlfriend,phys_occ,https://www.google.com/search?q=anniversary+gift+for+girlfriend&gl=in,"google.com (India SERP, Firecrawl 2026-09-15)",SERP-ARCHETYPE,commercial,ecom category,"10,000+/mo",EST,4,gate2-ecom-serp,do-not-attempt,0,amazon/myntra/fnp/igp,phys_occ,do-not-write,,,none,0,evergreen,year-round,,,T2,2,0.5,,0.6,
anniversary gift for boyfriend,phys_occ,https://www.google.com/search?q=anniversary+gift+for+boyfriend&gl=in,"google.com (India SERP, Firecrawl 2026-09-15)",SERP-ARCHETYPE,commercial,ecom category,"10,000+/mo",EST,4,gate2-ecom-serp,do-not-attempt,0,amazon/myntra/fnp/igp,phys_occ,do-not-write,2026-09-03-gift-gf-bf:winnable,,none,0,evergreen,year-round,,,T2,2,0.4,,1.0,gift ideas for boyfriend anniversary
romantic gift for girlfriend,phys_occ,https://www.google.com/search?q=romantic+gift+for+girlfriend&gl=in,"google.com (India SERP, Firecrawl 2026-09-15)",SERP-ARCHETYPE,commercial,ecom category,"10,000+/mo",EST,4,gate2-ecom-serp,do-not-attempt,0,amazon/myntra/fnp/igp,phys_occ,do-not-write,,,none,0,evergreen,year-round,,7,T2,2,0.5,,0.5,
surprise gift for girlfriend,phys_occ,https://www.google.com/search?q=surprise+gift+for+girlfriend&gl=in,"google.com (India SERP, Firecrawl 2026-09-15)",SERP-ARCHETYPE,commercial,ecom category,"10,000+/mo",EST,4,gate2-ecom-serp,do-not-attempt,0,amazon/myntra/fnp/igp,phys_occ,do-not-write,,,none,0,evergreen,year-round,,,T2,2,0.5,,0.75,
surprise gift ideas for girlfriend,phys_occ,https://www.google.com/search?q=surprise+gift+ideas+for+girlfriend&gl=in,"google.com (India SERP, Firecrawl 2026-09-15)",SERP-ARCHETYPE,commercial,ecom category,"10,000+/mo",EST,4,gate2-ecom-serp,do-not-attempt,0,amazon/myntra/fnp/igp,phys_occ,do-not-write,,,none,0,evergreen,year-round,,,T2,2,0.5,,0.75,
surprise gift for girlfriend birthday,phys_occ,https://www.google.com/search?q=surprise+gift+for+girlfriend+birthday&gl=in,"google.com (India SERP, Firecrawl 2026-09-15)",SERP-ARCHETYPE,commercial,ecom category,"10,000+/mo",EST,4,gate2-ecom-serp,do-not-attempt,0,amazon/myntra/fnp/igp,phys_occ,do-not-write,,,none,0,evergreen,year-round,,,T2,2,0.6,birthday-gift-for-girlfriend-online,0.6,
best gift for girlfriend,phys_head,https://www.google.com/search?q=best+gift+for+girlfriend&gl=in,"google.com (India SERP, Firecrawl 2026-09-15)",SERP-MEASURED,commercial,ecom category,"10,000+/mo",EST,4,gate2-ecom-serp,do-not-attempt,0,amazon/target/wirecutter/uncommongoods,phys_head,do-not-write,,,none,0,evergreen,year-round,,,T2,2,0.67,girlfriend-day-gift-ideas,0.67,
best gift for boyfriend,phys_head,https://www.google.com/search?q=best+gift+for+boyfriend&gl=in,"google.com (India SERP, Firecrawl 2026-09-15)",SERP-MEASURED,commercial,ecom category,"10,000+/mo",EST,4,gate2-ecom-serp,do-not-attempt,0,amazon/target/wirecutter/uncommongoods,phys_head,do-not-write,,,none,0,evergreen,year-round,,,T2,2,0.5,,0.67,
valentine gift for girlfriend,phys_occ,https://www.google.com/search?q=valentine+gift+for+girlfriend&gl=in,"google.com (India SERP, Firecrawl 2026-09-15)",SERP-ARCHETYPE,commercial,ecom category,"10,000+/mo",EST,4,gate2-ecom-serp,do-not-attempt,0,amazon/myntra/fnp/igp,phys_occ,do-not-write,,,none,0,evergreen,year-round,,,T2,2,0.5,,0.5,
valentine gift for boyfriend,phys_occ,https://www.google.com/search?q=valentine+gift+for+boyfriend&gl=in,"google.com (India SERP, Firecrawl 2026-09-15)",SERP-ARCHETYPE,commercial,ecom category,"10,000+/mo",EST,4,gate2-ecom-serp,do-not-attempt,0,amazon/myntra/fnp/igp,phys_occ,do-not-write,,,none,0,evergreen,year-round,,,T2,2,0.4,,0.5,
birthday gift for girlfriend under 500,phys_price,https://www.google.com/search?q=birthday+gift+for+girlfriend+under+500&gl=in,"google.com (India SERP, Firecrawl 2026-09-15)",SERP-MEASURED,commercial,ecom category,"3,000-10,000/mo",EST,4,gate5-wrong-product,do-not-attempt,0,US-$ SERP: neimanmarcus/davidyurman,phys_price,do-not-write,,,none,0,evergreen,year-round,,,T2,1,0.67,budget-birthday-gift-ideas-under-500,0.33,
birthday gift for girlfriend under 1000,phys_price,https://www.google.com/search?q=birthday+gift+for+girlfriend+under+1000&gl=in,"google.com (India SERP, Firecrawl 2026-09-15)",SERP-MEASURED,commercial,ecom category,"3,000-10,000/mo",EST,4,gate5-wrong-product,do-not-attempt,0,US-$ SERP: neimanmarcus/davidyurman,phys_price,do-not-write,,,none,0,evergreen,year-round,,9,T2,1,0.5,,0.33,
birthday gift for girlfriend under 200,phys_price,https://www.google.com/search?q=birthday+gift+for+girlfriend+under+200&gl=in,"google.com (India SERP, Firecrawl 2026-09-15)",SERP-MEASURED,commercial,ecom category,"3,000-10,000/mo",EST,4,gate5-wrong-product,do-not-attempt,0,US-$ SERP: neimanmarcus/davidyurman,phys_price,do-not-write,,,none,0,evergreen,year-round,,10,T2,1,0.5,,0.33,
gift for girlfriend under 1000,phys_price,https://www.google.com/search?q=gift+for+girlfriend+under+1000&gl=in,"google.com (India SERP, Firecrawl 2026-09-15)",SERP-MEASURED,commercial,ecom category,"3,000-10,000/mo",EST,4,gate5-wrong-product,do-not-attempt,0,US-$ SERP: neimanmarcus/davidyurman,phys_price,do-not-write,,,none,0,evergreen,year-round,,3,T2,1,0.4,,0.4,
gift for boyfriend under 500,phys_price,https://www.google.com/search?q=gift+for+boyfriend+under+500&gl=in,"google.com (India SERP, Firecrawl 2026-09-15)",SERP-MEASURED,commercial,ecom category,"3,000-10,000/mo",EST,4,gate5-wrong-product,do-not-attempt,0,US-$ SERP: neimanmarcus/davidyurman,phys_price,do-not-write,,,none,0,evergreen,year-round,,,T2,1,0.5,,0.4,
surprise gift for girlfriend under 500,phys_price,https://www.google.com/search?q=surprise+gift+for+girlfriend+under+500&gl=in,"google.com (India SERP, Firecrawl 2026-09-15)",SERP-MEASURED,commercial,ecom category,"3,000-10,000/mo",EST,4,gate5-wrong-product,do-not-attempt,0,US-$ SERP: neimanmarcus/davidyurman,phys_price,do-not-write,,,none,0,evergreen,year-round,,9,T2,1,0.43,,0.5,
online gift delivery,phys_occ,https://www.google.com/search?q=online+gift+delivery&gl=in,"google.com (India SERP, Firecrawl 2026-09-15)",SERP-ARCHETYPE,commercial,ecom category,"10,000+/mo",EST,4,gate2-ecom-serp,do-not-attempt,0,amazon/myntra/fnp/igp,phys_occ,do-not-write,,,none,0,evergreen,year-round,,,T2,2,0.6,birthday-gift-combo-online-delivery,0.5,
send gifts online india,phys_occ,https://www.google.com/search?q=send+gifts+online+india&gl=in,"google.com (India SERP, Firecrawl 2026-09-15)",SERP-ARCHETYPE,commercial,ecom category,"10,000+/mo",EST,4,gate2-ecom-serp,do-not-attempt,0,amazon/myntra/fnp/igp,phys_occ,do-not-write,,,none,0,evergreen,year-round,,9,T2,2,0.33,,0.5,
e gift card,giftcard,https://www.google.com/search?q=e+gift+card&gl=in,"google.com (India SERP, Firecrawl 2026-09-15)",SERP-ARCHETYPE,commercial,ecom/brand,"10,000+/mo",EST,3,gate5-wrong-product,do-not-attempt,0,amazon/flipkart/bank sites,giftcard,do-not-write,,,none,0,evergreen,year-round,,2,T2,1,0.33,,0.33,
digital gift for girlfriend day,cat_lt,https://www.google.com/search?q=digital+gift+for+girlfriend+day&gl=in,"google.com (India SERP, Firecrawl 2026-09-15)",SERP-ARCHETYPE,transactional,tool + blog,"300-1,000/mo",EST,6,gate3-dup-live,do-not-attempt,0,"thin, niche startups + Pinterest",cat_lt,merge-into-existing,,https://subhsandesh.in/blog/digital-gift-for-girlfriend-day,none,0,evergreen,year-round,,,T4,5,1.0,digital-gift-for-girlfriend-day,0.75,
